"","Bucket","Date","Population","Treatment","Temperature","pH","actual","density","expected","morts","restocked","setters","stocked","survival","dead","survival.t"
"1","1",2017-05-20,"SN","6 Low","6","Low",NA,11867,NA,NA,NA,NA,11867,NA,NA,NA
"2","1",2017-05-21,"SN","6 Low","6","Low",NA,11867,NA,NA,NA,NA,NA,NA,NA,NA
"3","1",2017-05-22,"SN","6 Low","6","Low",NA,11867,NA,NA,NA,NA,NA,NA,NA,NA
"4","1",2017-05-23,"SN","6 Low","6","Low",10000,10000,11867,NA,10000,NA,NA,0.842672958624758,1867,1.1629374692787
"5","1",2017-05-24,"SN","6 Low","6","Low",NA,10000,NA,NA,NA,NA,NA,NA,NA,NA
"6","1",2017-05-25,"SN","6 Low","6","Low",NA,10000,NA,NA,NA,NA,NA,NA,NA,NA
"7","1",2017-05-26,"SN","6 Low","6","Low",NA,NA,10000,NA,NA,NA,NA,NA,NA,NA
"8","10",2017-05-25,"NF","6 Low","6","Low",NA,76950,NA,NA,NA,NA,76950,NA,NA,NA
"9","10",2017-05-26,"NF","6 Low","6","Low",100100,135800,76950,NA,100100,NA,35700,1.30084470435348,-23150,NA
"10","10",2017-05-27,"NF","6 Low","6","Low",NA,143817,NA,NA,NA,NA,8017,NA,NA,NA
"11","10",2017-05-28,"NF","6 Low","6","Low",NA,143817,NA,NA,NA,NA,NA,NA,NA,NA
"12","10",2017-05-29,"NF","6 Low","6","Low",NA,143817,NA,NA,NA,NA,NA,NA,NA,NA
"13","10",2017-05-30,"NF","6 Low","6","Low",35200,35200,143817,NA,35200,NA,NA,0.244755487876955,108617,0.517521461542989
"14","10",2017-05-31,"NF","6 Low","6","Low",16800,16800,35200,NA,16800,NA,NA,0.477272727272727,18400,0.76266305718895
"15","10",2017-06-01,"NF","6 Low","6","Low",NA,16800,NA,NA,NA,NA,NA,NA,NA,NA
"16","10",2017-06-02,"NF","6 Low","6","Low",NA,16800,NA,NA,NA,NA,NA,NA,NA,NA
"17","10",2017-06-03,"NF","6 Low","6","Low",NA,16800,NA,NA,NA,NA,NA,NA,NA,NA
"18","10",2017-06-04,"NF","6 Low","6","Low",NA,16800,NA,NA,NA,NA,NA,NA,NA,NA
"19","10",2017-06-05,"NF","6 Low","6","Low",7909,107870,16800,NA,7870,39,1e+05,0.47077380952381,8891,0.756155304519913
"20","10",2017-06-06,"NF","6 Low","6","Low",NA,109457,NA,NA,NA,NA,1587,NA,NA,NA
"21","10",2017-06-07,"NF","6 Low","6","Low",NA,109457,NA,NA,NA,NA,NA,NA,NA,NA
"22","10",2017-06-08,"NF","6 Low","6","Low",NA,109457,NA,NA,NA,NA,NA,NA,NA,NA
"23","10",2017-06-09,"NF","6 Low","6","Low",38750,38750,109457,367,38750,NA,NA,0.354020300209215,70707,0.637260734822413
"24","10",2017-06-10,"NF","6 Low","6","Low",NA,100483,NA,NA,NA,NA,61733,NA,NA,NA
"25","10",2017-06-11,"NF","6 Low","6","Low",NA,100483,NA,NA,NA,NA,NA,NA,NA,NA
"26","10",2017-06-12,"NF","6 Low","6","Low",69828,79078,100483,183,69678,150,9400,0.694923519401292,30655,0.985630905148969
"27","10",2017-06-13,"NF","6 Low","6","Low",NA,79078,NA,NA,NA,NA,NA,NA,NA,NA
"28","10",2017-06-14,"NF","6 Low","6","Low",NA,79078,NA,NA,NA,NA,NA,NA,NA,NA
"29","10",2017-06-15,"NF","6 Low","6","Low",69823,69490,79078,NA,69490,333,NA,0.882963656136979,9255,1.22163937466329
"30","10",2017-06-16,"NF","6 Low","6","Low",NA,69490,NA,NA,NA,NA,NA,NA,NA,NA
"31","10",2017-06-17,"NF","6 Low","6","Low",NA,69490,NA,NA,NA,NA,NA,NA,NA,NA
"32","10",2017-06-18,"NF","6 Low","6","Low",NA,69490,NA,NA,NA,NA,NA,NA,NA,NA
"33","10",2017-06-19,"NF","6 Low","6","Low",64280,123740,69490,833,64100,180,59640,0.925025183479637,5210,1.29343862019532
"34","10",2017-06-20,"NF","6 Low","6","Low",NA,123740,NA,NA,NA,NA,NA,NA,NA,NA
"35","10",2017-06-21,"NF","6 Low","6","Low",NA,123740,NA,NA,NA,NA,NA,NA,NA,NA
"36","10",2017-06-22,"NF","6 Low","6","Low",64710,65172,123740,97,64283,427,889,0.522951349604008,59030,0.808357580623339
"37","10",2017-06-23,"NF","6 Low","6","Low",NA,65172,NA,NA,NA,NA,NA,NA,NA,NA
"38","10",2017-06-24,"NF","6 Low","6","Low",NA,65172,NA,NA,NA,NA,NA,NA,NA,NA
"39","10",2017-06-25,"NF","6 Low","6","Low",NA,65172,NA,NA,NA,NA,NA,NA,NA,NA
"40","10",2017-06-26,"NF","6 Low","6","Low",48847,46817,65172,NA,46817,2030,NA,0.749508991591481,16325,1.0466307688708
"41","10",2017-06-27,"NF","6 Low","6","Low",NA,46817,NA,NA,NA,NA,NA,NA,NA,NA
"42","10",2017-06-28,"NF","6 Low","6","Low",NA,46817,NA,NA,NA,NA,NA,NA,NA,NA
"43","10",2017-06-29,"NF","6 Low","6","Low",32100,31000,46817,NA,31000,1100,NA,0.685648375590063,14717,0.975600772722708
"44","10",2017-06-30,"NF","6 Low","6","Low",NA,31000,NA,NA,NA,NA,NA,NA,NA,NA
"45","10",2017-07-01,"NF","6 Low","6","Low",NA,31000,NA,NA,NA,NA,NA,NA,NA,NA
"46","10",2017-07-02,"NF","6 Low","6","Low",NA,31000,NA,NA,NA,NA,NA,NA,NA,NA
"47","10",2017-07-03,"NF","6 Low","6","Low",27797,26280,31000,100,26280,1517,NA,0.896677419354839,3203,1.24354832275866
"48","10",2017-07-04,"NF","6 Low","6","Low",NA,26280,NA,NA,NA,NA,NA,NA,NA,NA
"49","10",2017-07-05,"NF","6 Low","6","Low",NA,26280,NA,NA,NA,NA,NA,NA,NA,NA
"50","10",2017-07-06,"NF","6 Low","6","Low",20583,17683,26280,NA,17683,2900,NA,0.783219178082192,5697,1.08648694647305
"51","10",2017-07-07,"NF","6 Low","6","Low",NA,17683,NA,NA,NA,NA,NA,NA,NA,NA
"52","10",2017-07-08,"NF","6 Low","6","Low",NA,17683,NA,NA,NA,NA,NA,NA,NA,NA
"53","10",2017-07-09,"NF","6 Low","6","Low",NA,17683,NA,NA,NA,NA,NA,NA,NA,NA
"54","10",2017-07-10,"NF","6 Low","6","Low",14128,11607,17683,NA,11607,2521,NA,0.798959452581576,3555,1.10584929842566
"55","10",2017-07-11,"NF","6 Low","6","Low",NA,11607,NA,NA,NA,NA,NA,NA,NA,NA
"56","10",2017-07-12,"NF","6 Low","6","Low",NA,11607,NA,NA,NA,NA,NA,NA,NA,NA
"57","10",2017-07-13,"NF","6 Low","6","Low",704,611,11607,NA,611,93,NA,0.0606530541914362,10903,0.248838507265321
"58","10",2017-07-14,"NF","6 Low","6","Low",NA,611,NA,NA,NA,NA,NA,NA,NA,NA
"59","10",2017-07-15,"NF","6 Low","6","Low",NA,611,NA,NA,NA,NA,NA,NA,NA,NA
"60","10",2017-07-16,"NF","6 Low","6","Low",NA,611,NA,NA,NA,NA,NA,NA,NA,NA
"61","10",2017-07-17,"NF","6 Low","6","Low",490,379,611,NA,379,111,NA,0.801963993453355,121,1.10960825651872
"62","10",2017-07-18,"NF","6 Low","6","Low",NA,379,NA,NA,NA,NA,NA,NA,NA,NA
"63","10",2017-07-19,"NF","6 Low","6","Low",NA,379,NA,NA,NA,NA,NA,NA,NA,NA
"64","10",2017-07-20,"NF","6 Low","6","Low",NA,NA,379,NA,NA,NA,NA,NA,NA,NA
"65","11",2017-05-21,"SN","10 Ambient","10","Ambient",NA,144733,NA,NA,NA,NA,144733,NA,NA,NA
"66","11",2017-05-22,"SN","10 Ambient","10","Ambient",NA,148133,NA,NA,NA,NA,3400,NA,NA,NA
"67","11",2017-05-23,"SN","10 Ambient","10","Ambient",121667,143533,148133,NA,121667,NA,21867,0.821336231629684,26466,1.1343888620424
"68","11",2017-05-24,"SN","10 Ambient","10","Ambient",NA,143533,NA,NA,NA,NA,NA,NA,NA,NA
"69","11",2017-05-25,"SN","10 Ambient","10","Ambient",NA,143533,NA,NA,NA,NA,NA,NA,NA,NA
"70","11",2017-05-26,"SN","10 Ambient","10","Ambient",118400,118400,143533,NA,118400,NA,NA,0.824897410351626,25133,1.1390553992769
"71","11",2017-05-27,"SN","10 Ambient","10","Ambient",NA,118400,NA,NA,NA,NA,NA,NA,NA,NA
"72","11",2017-05-28,"SN","10 Ambient","10","Ambient",NA,118400,NA,NA,NA,NA,NA,NA,NA,NA
"73","11",2017-05-29,"SN","10 Ambient","10","Ambient",NA,118400,NA,NA,NA,NA,NA,NA,NA,NA
"74","11",2017-05-30,"SN","10 Ambient","10","Ambient",25600,25600,118400,NA,25600,NA,NA,0.216216216216216,92800,0.483623942648961
"75","11",2017-05-31,"SN","10 Ambient","10","Ambient",3200,3200,25600,NA,3200,NA,NA,0.125,22400,0.361367123906708
"76","11",2017-06-01,"SN","10 Ambient","10","Ambient",NA,3200,NA,NA,NA,NA,NA,NA,NA,NA
"77","11",2017-06-02,"SN","10 Ambient","10","Ambient",NA,3200,NA,NA,NA,NA,NA,NA,NA,NA
"78","11",2017-06-03,"SN","10 Ambient","10","Ambient",NA,3200,NA,NA,NA,NA,NA,NA,NA,NA
"79","11",2017-06-04,"SN","10 Ambient","10","Ambient",NA,3200,NA,NA,NA,NA,NA,NA,NA,NA
"80","11",2017-06-05,"SN","10 Ambient","10","Ambient",NA,NA,3200,NA,NA,NA,NA,NA,NA,NA
"81","12",2017-05-21,"NF","10 Low","10","Low",NA,55300,NA,NA,NA,NA,55300,NA,NA,NA
"82","12",2017-05-22,"NF","10 Low","10","Low",NA,55883,NA,NA,NA,NA,583,NA,NA,NA
"83","12",2017-05-23,"NF","10 Low","10","Low",49600,51867,55883,NA,49600,NA,2267,0.887568670257502,6283,1.22886438751801
"84","12",2017-05-24,"NF","10 Low","10","Low",NA,104217,NA,NA,NA,NA,52350,NA,NA,NA
"85","12",2017-05-25,"NF","10 Low","10","Low",NA,104217,NA,NA,NA,NA,NA,NA,NA,NA
"86","12",2017-05-26,"NF","10 Low","10","Low",88000,88000,104217,NA,88000,NA,NA,0.844391989790533,16217,1.16530334667948
"87","12",2017-05-27,"NF","10 Low","10","Low",NA,92958,NA,NA,NA,NA,4958,NA,NA,NA
"88","12",2017-05-28,"NF","10 Low","10","Low",NA,92958,NA,NA,NA,NA,NA,NA,NA,NA
"89","12",2017-05-29,"NF","10 Low","10","Low",NA,92958,NA,NA,NA,NA,NA,NA,NA,NA
"90","12",2017-05-30,"NF","10 Low","10","Low",54933,54933,92958,NA,54933,NA,NA,0.590944297424643,38025,0.876851535409612
"91","12",2017-05-31,"NF","10 Low","10","Low",13600,13600,54933,NA,13600,NA,NA,0.247574317805326,41333,0.520793280141868
"92","12",2017-06-01,"NF","10 Low","10","Low",NA,15067,NA,NA,NA,NA,1467,NA,NA,NA
"93","12",2017-06-02,"NF","10 Low","10","Low",NA,15067,NA,NA,NA,NA,NA,NA,NA,NA
"94","12",2017-06-03,"NF","10 Low","10","Low",NA,66400,NA,NA,NA,NA,51333,NA,NA,NA
"95","12",2017-06-04,"NF","10 Low","10","Low",NA,67600,NA,NA,NA,NA,1200,NA,NA,NA
"96","12",2017-06-05,"NF","10 Low","10","Low",48397,48307,67600,NA,48307,90,NA,0.715931952662722,19203,1.0086773189599
"97","12",2017-06-06,"NF","10 Low","10","Low",NA,48307,NA,NA,NA,NA,NA,NA,NA,NA
"98","12",2017-06-07,"NF","10 Low","10","Low",NA,48307,NA,NA,NA,NA,NA,NA,NA,NA
"99","12",2017-06-08,"NF","10 Low","10","Low",NA,48307,NA,NA,NA,NA,NA,NA,NA,NA
"100","12",2017-06-09,"NF","10 Low","10","Low",58570,58427,48307,NA,58427,143,NA,1.21245368166104,-10263,NA
"101","12",2017-06-10,"NF","10 Low","10","Low",NA,58427,NA,NA,NA,NA,NA,NA,NA,NA
"102","12",2017-06-11,"NF","10 Low","10","Low",NA,58427,NA,NA,NA,NA,NA,NA,NA,NA
"103","12",2017-06-12,"NF","10 Low","10","Low",47413,47113,58427,233,47113,300,NA,0.811491262601195,11014,1.12167304454808
"104","12",2017-06-13,"NF","10 Low","10","Low",NA,47113,NA,NA,NA,NA,NA,NA,NA,NA
"105","12",2017-06-14,"NF","10 Low","10","Low",NA,47113,NA,NA,NA,NA,NA,NA,NA,NA
"106","12",2017-06-15,"NF","10 Low","10","Low",22517,20650,47113,117,20650,1867,NA,0.477936026149895,24596,0.763327022491655
"107","12",2017-06-16,"NF","10 Low","10","Low",NA,20650,NA,NA,NA,NA,NA,NA,NA,NA
"108","12",2017-06-17,"NF","10 Low","10","Low",NA,20650,NA,NA,NA,NA,NA,NA,NA,NA
"109","12",2017-06-18,"NF","10 Low","10","Low",NA,20650,NA,NA,NA,NA,NA,NA,NA,NA
"110","12",2017-06-19,"NF","10 Low","10","Low",1210,1040,20650,NA,1040,170,NA,0.0585956416464891,19440,0.244493961044568
"111","12",2017-06-20,"NF","10 Low","10","Low",NA,1040,NA,NA,NA,NA,NA,NA,NA,NA
"112","12",2017-06-21,"NF","10 Low","10","Low",NA,1040,NA,NA,NA,NA,NA,NA,NA,NA
"113","12",2017-06-22,"NF","10 Low","10","Low",383,167,1040,NA,167,217,NA,0.368269230769231,657,0.652093779409155
"114","12",2017-06-23,"NF","10 Low","10","Low",NA,167,NA,NA,NA,NA,NA,NA,NA,NA
"115","12",2017-06-24,"NF","10 Low","10","Low",NA,167,NA,NA,NA,NA,NA,NA,NA,NA
"116","12",2017-06-25,"NF","10 Low","10","Low",NA,167,NA,NA,NA,NA,NA,NA,NA,NA
"117","12",2017-06-26,"NF","10 Low","10","Low",247,247,167,NA,247,NA,NA,1.47904191616766,-80,NA
"118","12",2017-06-27,"NF","10 Low","10","Low",NA,247,NA,NA,NA,NA,NA,NA,NA,NA
"119","12",2017-06-28,"NF","10 Low","10","Low",NA,247,NA,NA,NA,NA,NA,NA,NA,NA
"120","12",2017-06-29,"NF","10 Low","10","Low",82,82,247,80,82,NA,NA,0.331983805668016,165,0.614047591343548
"121","12",2017-06-30,"NF","10 Low","10","Low",NA,82,NA,NA,NA,NA,NA,NA,NA,NA
"122","12",2017-07-01,"NF","10 Low","10","Low",NA,82,NA,NA,NA,NA,NA,NA,NA,NA
"123","12",2017-07-02,"NF","10 Low","10","Low",NA,82,NA,NA,NA,NA,NA,NA,NA,NA
"124","12",2017-07-03,"NF","10 Low","10","Low",98,42054,82,NA,96,2,41958,1.19512195121951,-16,NA
"125","12",2017-07-04,"NF","10 Low","10","Low",NA,42054,NA,NA,NA,NA,NA,NA,NA,NA
"126","12",2017-07-05,"NF","10 Low","10","Low",NA,42054,NA,NA,NA,NA,NA,NA,NA,NA
"127","12",2017-07-06,"NF","10 Low","10","Low",26524,26511,42054,NA,26511,13,NA,0.630712892947163,15530,0.917647695481859
"128","12",2017-07-07,"NF","10 Low","10","Low",NA,26511,NA,NA,NA,NA,NA,NA,NA,NA
"129","12",2017-07-08,"NF","10 Low","10","Low",NA,26511,NA,NA,NA,NA,NA,NA,NA,NA
"130","12",2017-07-09,"NF","10 Low","10","Low",NA,26511,NA,NA,NA,NA,NA,NA,NA,NA
"131","12",2017-07-10,"NF","10 Low","10","Low",15456,15447,26511,NA,15447,9,NA,0.583003281656671,11055,0.868787488424896
"132","12",2017-07-11,"NF","10 Low","10","Low",NA,15447,NA,NA,NA,NA,NA,NA,NA,NA
"133","12",2017-07-12,"NF","10 Low","10","Low",NA,15447,NA,NA,NA,NA,NA,NA,NA,NA
"134","12",2017-07-13,"NF","10 Low","10","Low",1500,1500,15447,80,1500,NA,NA,0.0971062342202369,13947,0.316896114631829
"135","12",2017-07-14,"NF","10 Low","10","Low",NA,1500,NA,NA,NA,NA,NA,NA,NA,NA
"136","12",2017-07-15,"NF","10 Low","10","Low",NA,1500,NA,NA,NA,NA,NA,NA,NA,NA
"137","12",2017-07-16,"NF","10 Low","10","Low",NA,1500,NA,NA,NA,NA,NA,NA,NA,NA
"138","12",2017-07-17,"NF","10 Low","10","Low",722,722,1500,NA,722,NA,NA,0.481333333333333,778,0.766727157811329
"139","12",2017-07-18,"NF","10 Low","10","Low",NA,722,NA,NA,NA,NA,NA,NA,NA,NA
"140","12",2017-07-19,"NF","10 Low","10","Low",NA,722,NA,NA,NA,NA,NA,NA,NA,NA
"141","12",2017-07-20,"NF","10 Low","10","Low",442,275,722,NA,275,167,NA,0.61218836565097,280,0.898549869761236
"142","12",2017-07-21,"NF","10 Low","10","Low",NA,275,NA,NA,NA,NA,NA,NA,NA,NA
"143","12",2017-07-22,"NF","10 Low","10","Low",NA,275,NA,NA,NA,NA,NA,NA,NA,NA
"144","12",2017-07-23,"NF","10 Low","10","Low",NA,275,NA,NA,NA,NA,NA,NA,NA,NA
"145","12",2017-07-24,"NF","10 Low","10","Low",NA,275,NA,NA,NA,NA,NA,NA,NA,NA
"146","13",2017-05-21,"SN","6 Low","6","Low",NA,99433,NA,NA,NA,NA,99433,NA,NA,NA
"147","13",2017-05-22,"SN","6 Low","6","Low",NA,150433,NA,NA,NA,NA,51000,NA,NA,NA
"148","13",2017-05-23,"SN","6 Low","6","Low",135800,136800,150433,NA,135800,NA,1000,0.902727460065278,14633,1.25361949467788
"149","13",2017-05-24,"SN","6 Low","6","Low",NA,136800,NA,NA,NA,NA,NA,NA,NA,NA
"150","13",2017-05-25,"SN","6 Low","6","Low",NA,136800,NA,NA,NA,NA,NA,NA,NA,NA
"151","13",2017-05-26,"SN","6 Low","6","Low",97600,97600,136800,NA,97600,NA,NA,0.713450292397661,39200,1.00592944750723
"152","13",2017-05-27,"SN","6 Low","6","Low",NA,183467,NA,NA,NA,NA,85867,NA,NA,NA
"153","13",2017-05-28,"SN","6 Low","6","Low",NA,183467,NA,NA,NA,NA,NA,NA,NA,NA
"154","13",2017-05-29,"SN","6 Low","6","Low",NA,183467,NA,NA,NA,NA,NA,NA,NA,NA
"155","13",2017-05-30,"SN","6 Low","6","Low",98667,98667,183467,NA,98667,NA,NA,0.537791537442701,84800,0.823225776248686
"156","13",2017-05-31,"SN","6 Low","6","Low",NA,NA,98667,NA,NA,NA,41067,NA,NA,NA
"157","13",2017-06-01,"SN","6 Low","6","Low",NA,NA,NA,NA,NA,NA,750,NA,NA,NA
"158","13",2017-06-05,"SN","6 Low","6","Low",95347,95320,NA,NA,95320,27,NA,NA,NA,NA
"159","13",2017-06-06,"SN","6 Low","6","Low",NA,95320,NA,NA,NA,NA,NA,NA,NA,NA
"160","13",2017-06-07,"SN","6 Low","6","Low",NA,95320,NA,NA,NA,NA,NA,NA,NA,NA
"161","13",2017-06-08,"SN","6 Low","6","Low",NA,95320,NA,NA,NA,NA,NA,NA,NA,NA
"162","13",2017-06-09,"SN","6 Low","6","Low",42717,42217,95320,NA,42217,500,NA,0.448143096936635,52603,0.733447840503857
"163","13",2017-06-10,"SN","6 Low","6","Low",NA,42217,NA,NA,NA,NA,NA,NA,NA,NA
"164","13",2017-06-11,"SN","6 Low","6","Low",NA,42217,NA,NA,NA,NA,NA,NA,NA,NA
"165","13",2017-06-12,"SN","6 Low","6","Low",53707,54847,42217,900,53447,260,1400,1.27216524149039,-11490,NA
"166","13",2017-06-13,"SN","6 Low","6","Low",NA,54847,NA,NA,NA,NA,NA,NA,NA,NA
"167","13",2017-06-14,"SN","6 Low","6","Low",NA,189647,NA,NA,NA,NA,134800,NA,NA,NA
"168","13",2017-06-15,"SN","6 Low","6","Low",84467,127867,189647,14220,82467,2000,45400,0.445390646833327,105180,0.730679653262862
"169","13",2017-06-16,"SN","6 Low","6","Low",NA,127867,NA,NA,NA,NA,NA,NA,NA,NA
"170","13",2017-06-17,"SN","6 Low","6","Low",NA,187700,NA,NA,NA,NA,59833,NA,NA,NA
"171","13",2017-06-18,"SN","6 Low","6","Low",NA,187700,NA,NA,NA,NA,NA,NA,NA,NA
"172","13",2017-06-19,"SN","6 Low","6","Low",47310,45057,187700,163,45057,2253,NA,0.252051145444859,140390,0.525964013276037
"173","13",2017-06-20,"SN","6 Low","6","Low",NA,45057,NA,NA,NA,NA,NA,NA,NA,NA
"174","13",2017-06-21,"SN","6 Low","6","Low",NA,45057,NA,NA,NA,NA,NA,NA,NA,NA
"175","13",2017-06-22,"SN","6 Low","6","Low",23400,23000,45057,427,23000,400,NA,0.519342166588987,21657,0.804745157424625
"176","13",2017-06-23,"SN","6 Low","6","Low",NA,23000,NA,NA,NA,NA,NA,NA,NA,NA
"177","13",2017-06-24,"SN","6 Low","6","Low",NA,23000,NA,NA,NA,NA,NA,NA,NA,NA
"178","13",2017-06-25,"SN","6 Low","6","Low",NA,23000,NA,NA,NA,NA,NA,NA,NA,NA
"179","13",2017-06-26,"SN","6 Low","6","Low",6210,6060,23000,NA,6060,150,NA,0.27,16790,0.546400564137972
"180","13",2017-06-27,"SN","6 Low","6","Low",NA,6060,NA,NA,NA,NA,NA,NA,NA,NA
"181","13",2017-06-28,"SN","6 Low","6","Low",NA,6060,NA,NA,NA,NA,NA,NA,NA,NA
"182","13",2017-06-29,"SN","6 Low","6","Low",2282,2240,6060,387,2240,42,NA,0.376567656765677,3778,0.660676431322985
"183","13",2017-06-30,"SN","6 Low","6","Low",NA,2240,NA,NA,NA,NA,NA,NA,NA,NA
"184","13",2017-07-01,"SN","6 Low","6","Low",NA,2240,NA,NA,NA,NA,NA,NA,NA,NA
"185","13",2017-07-02,"SN","6 Low","6","Low",NA,2240,NA,NA,NA,NA,NA,NA,NA,NA
"186","13",2017-07-03,"SN","6 Low","6","Low",696,373,2240,498,373,322,NA,0.310714285714286,1544,0.591271982701089
"187","13",2017-07-04,"SN","6 Low","6","Low",NA,373,NA,NA,NA,NA,NA,NA,NA,NA
"188","13",2017-07-05,"SN","6 Low","6","Low",NA,373,NA,NA,NA,NA,NA,NA,NA,NA
"189","13",2017-07-06,"SN","6 Low","6","Low",363,327,373,33,327,36,NA,0.973190348525469,10,1.40631920625236
"190","13",2017-07-07,"SN","6 Low","6","Low",NA,327,NA,NA,NA,NA,NA,NA,NA,NA
"191","13",2017-07-08,"SN","6 Low","6","Low",NA,327,NA,NA,NA,NA,NA,NA,NA,NA
"192","13",2017-07-09,"SN","6 Low","6","Low",NA,327,NA,NA,NA,NA,NA,NA,NA,NA
"193","13",2017-07-10,"SN","6 Low","6","Low",39,27,327,NA,27,12,NA,0.119266055045872,288,0.352610829973879
"194","13",2017-07-11,"SN","6 Low","6","Low",NA,27,NA,NA,NA,NA,NA,NA,NA,NA
"195","13",2017-07-12,"SN","6 Low","6","Low",NA,27,NA,NA,NA,NA,NA,NA,NA,NA
"196","13",2017-07-13,"SN","6 Low","6","Low",NA,NA,27,NA,NA,NA,NA,NA,NA,NA
"197","16",2017-05-21,"SN","6 Ambient","6","Ambient",NA,8167,NA,NA,NA,NA,8167,NA,NA,NA
"198","16",2017-05-22,"SN","6 Ambient","6","Ambient",NA,32667,NA,NA,NA,NA,24500,NA,NA,NA
"199","16",2017-05-23,"SN","6 Ambient","6","Ambient",35533,100867,32667,NA,35533,NA,65333,1.08773379863471,-2866,NA
"200","16",2017-05-24,"SN","6 Ambient","6","Ambient",NA,105367,NA,NA,NA,NA,4500,NA,NA,NA
"201","16",2017-05-25,"SN","6 Ambient","6","Ambient",NA,105367,NA,NA,NA,NA,NA,NA,NA,NA
"202","16",2017-05-26,"SN","6 Ambient","6","Ambient",97600,97600,105367,NA,97600,NA,NA,0.926286218645306,7767,1.29584216569355
"203","16",2017-05-27,"SN","6 Ambient","6","Ambient",NA,99000,NA,NA,NA,NA,1400,NA,NA,NA
"204","16",2017-05-28,"SN","6 Ambient","6","Ambient",NA,99000,NA,NA,NA,NA,NA,NA,NA,NA
"205","16",2017-05-29,"SN","6 Ambient","6","Ambient",NA,99000,NA,NA,NA,NA,NA,NA,NA,NA
"206","16",2017-05-30,"SN","6 Ambient","6","Ambient",19733,19733,99000,NA,19733,NA,NA,0.199323232323232,79267,0.462801111582189
"207","16",2017-05-31,"SN","6 Ambient","6","Ambient",400,400,19733,NA,400,NA,NA,0.0202706126792682,19333,0.142860347569862
"208","16",2017-06-01,"SN","6 Ambient","6","Ambient",NA,400,NA,NA,NA,NA,NA,NA,NA,NA
"209","16",2017-06-02,"SN","6 Ambient","6","Ambient",NA,400,NA,NA,NA,NA,NA,NA,NA,NA
"210","16",2017-06-03,"SN","6 Ambient","6","Ambient",NA,57817,NA,NA,NA,NA,57417,NA,NA,NA
"211","16",2017-06-04,"SN","6 Ambient","6","Ambient",NA,57817,NA,NA,NA,NA,NA,NA,NA,NA
"212","16",2017-06-05,"SN","6 Ambient","6","Ambient",39097,144907,57817,NA,38973,123,105933,0.676219796945535,18720,0.965486509736335
"213","16",2017-06-06,"SN","6 Ambient","6","Ambient",NA,144907,NA,NA,NA,NA,NA,NA,NA,NA
"214","16",2017-06-07,"SN","6 Ambient","6","Ambient",NA,144907,NA,NA,NA,NA,NA,NA,NA,NA
"215","16",2017-06-08,"SN","6 Ambient","6","Ambient",NA,144907,NA,NA,NA,NA,NA,NA,NA,NA
"216","16",2017-06-09,"SN","6 Ambient","6","Ambient",32667,32667,144907,NA,32667,NA,NA,0.225434244032379,112240,0.494735816843825
"217","16",2017-06-10,"SN","6 Ambient","6","Ambient",NA,32667,NA,NA,NA,NA,NA,NA,NA,NA
"218","16",2017-06-11,"SN","6 Ambient","6","Ambient",NA,32667,NA,NA,NA,NA,NA,NA,NA,NA
"219","16",2017-06-12,"SN","6 Ambient","6","Ambient",37500,37500,32667,650,37500,NA,NA,1.14794746992378,-4833,NA
"220","16",2017-06-13,"SN","6 Ambient","6","Ambient",NA,37500,NA,NA,NA,NA,NA,NA,NA,NA
"221","16",2017-06-14,"SN","6 Ambient","6","Ambient",NA,37500,NA,NA,NA,NA,NA,NA,NA,NA
"222","16",2017-06-15,"SN","6 Ambient","6","Ambient",20892,79342,37500,933,20542,350,58800,0.55712,16608,0.842643142182146
"223","16",2017-06-16,"SN","6 Ambient","6","Ambient",NA,79342,NA,NA,NA,NA,NA,NA,NA,NA
"224","16",2017-06-17,"SN","6 Ambient","6","Ambient",NA,144675,NA,NA,NA,NA,65333,NA,NA,NA
"225","16",2017-06-18,"SN","6 Ambient","6","Ambient",NA,144675,NA,NA,NA,NA,NA,NA,NA,NA
"226","16",2017-06-19,"SN","6 Ambient","6","Ambient",54133,134987,144675,1470,48967,5167,86020,0.37416969068602,90542,0.658200305676518
"227","16",2017-06-20,"SN","6 Ambient","6","Ambient",NA,134987,NA,NA,NA,NA,NA,NA,NA,NA
"228","16",2017-06-21,"SN","6 Ambient","6","Ambient",NA,134987,NA,NA,NA,NA,NA,NA,NA,NA
"229","16",2017-06-22,"SN","6 Ambient","6","Ambient",78742,74242,134987,8160,74242,4500,NA,0.583330246616341,56245,0.86911907250655
"230","16",2017-06-23,"SN","6 Ambient","6","Ambient",NA,74242,NA,NA,NA,NA,NA,NA,NA,NA
"231","16",2017-06-24,"SN","6 Ambient","6","Ambient",NA,74242,NA,NA,NA,NA,NA,NA,NA,NA
"232","16",2017-06-25,"SN","6 Ambient","6","Ambient",NA,74242,NA,NA,NA,NA,NA,NA,NA,NA
"233","16",2017-06-26,"SN","6 Ambient","6","Ambient",36307,34747,74242,6593,34747,1560,NA,0.489035855715094,37935,0.774433140237852
"234","16",2017-06-27,"SN","6 Ambient","6","Ambient",NA,34747,NA,NA,NA,NA,NA,NA,NA,NA
"235","16",2017-06-28,"SN","6 Ambient","6","Ambient",NA,34747,NA,NA,NA,NA,NA,NA,NA,NA
"236","16",2017-06-29,"SN","6 Ambient","6","Ambient",18200,18160,34747,1473,18160,40,NA,0.52378622614902,16547,0.809193370615484
"237","16",2017-06-30,"SN","6 Ambient","6","Ambient",NA,18160,NA,NA,NA,NA,NA,NA,NA,NA
"238","16",2017-07-01,"SN","6 Ambient","6","Ambient",NA,18160,NA,NA,NA,NA,NA,NA,NA,NA
"239","16",2017-07-02,"SN","6 Ambient","6","Ambient",NA,18160,NA,NA,NA,NA,NA,NA,NA,NA
"240","16",2017-07-03,"SN","6 Ambient","6","Ambient",2714,2714,18160,NA,2714,NA,NA,0.149449339207048,15446,0.396927751772692
"241","16",2017-07-04,"SN","6 Ambient","6","Ambient",NA,2714,NA,NA,NA,NA,NA,NA,NA,NA
"242","16",2017-07-05,"SN","6 Ambient","6","Ambient",NA,2714,NA,NA,NA,NA,NA,NA,NA,NA
"243","16",2017-07-06,"SN","6 Ambient","6","Ambient",1245,1216,2714,NA,1216,29,NA,0.458732498157701,1469,0.744083664792709
"244","16",2017-07-07,"SN","6 Ambient","6","Ambient",NA,1216,NA,NA,NA,NA,NA,NA,NA,NA
"245","16",2017-07-08,"SN","6 Ambient","6","Ambient",NA,1216,NA,NA,NA,NA,NA,NA,NA,NA
"246","16",2017-07-09,"SN","6 Ambient","6","Ambient",NA,1216,NA,NA,NA,NA,NA,NA,NA,NA
"247","16",2017-07-10,"SN","6 Ambient","6","Ambient",491,406,1216,NA,406,85,NA,0.403782894736842,725,0.688577104008327
"248","16",2017-07-11,"SN","6 Ambient","6","Ambient",NA,406,NA,NA,NA,NA,NA,NA,NA,NA
"249","16",2017-07-12,"SN","6 Ambient","6","Ambient",NA,406,NA,NA,NA,NA,NA,NA,NA,NA
"250","16",2017-07-13,"SN","6 Ambient","6","Ambient",209,160,406,NA,160,49,NA,0.514778325123153,197,0.800178641080154
"251","16",2017-07-14,"SN","6 Ambient","6","Ambient",NA,160,NA,NA,NA,NA,NA,NA,NA,NA
"252","16",2017-07-15,"SN","6 Ambient","6","Ambient",NA,160,NA,NA,NA,NA,NA,NA,NA,NA
"253","16",2017-07-16,"SN","6 Ambient","6","Ambient",NA,160,NA,NA,NA,NA,NA,NA,NA,NA
"254","16",2017-07-17,"SN","6 Ambient","6","Ambient",86,58,160,NA,58,28,NA,0.5375,74,0.822933408935807
"255","16",2017-07-18,"SN","6 Ambient","6","Ambient",NA,58,NA,NA,NA,NA,NA,NA,NA,NA
"256","16",2017-07-19,"SN","6 Ambient","6","Ambient",NA,58,NA,NA,NA,NA,NA,NA,NA,NA
"257","16",2017-07-20,"SN","6 Ambient","6","Ambient",NA,NA,58,NA,NA,NA,NA,NA,NA,NA
"258","17",2017-05-19,"K","6 Ambient","6","Ambient",NA,2042,NA,NA,NA,NA,2042,NA,NA,NA
"259","17",2017-05-20,"K","6 Ambient","6","Ambient",NA,91708,NA,NA,NA,NA,89667,NA,NA,NA
"260","17",2017-05-21,"K","6 Ambient","6","Ambient",NA,91708,NA,NA,NA,NA,NA,NA,NA,NA
"261","17",2017-05-22,"K","6 Ambient","6","Ambient",NA,91708,NA,NA,NA,NA,NA,NA,NA,NA
"262","17",2017-05-23,"K","6 Ambient","6","Ambient",82333,82333,91708,NA,82333,NA,NA,0.897773367645135,9375,1.24535286820467
"263","17",2017-05-24,"K","6 Ambient","6","Ambient",NA,82333,NA,NA,NA,NA,NA,NA,NA,NA
"264","17",2017-05-25,"K","6 Ambient","6","Ambient",NA,82333,NA,NA,NA,NA,NA,NA,NA,NA
"265","17",2017-05-26,"K","6 Ambient","6","Ambient",20667,20667,82333,NA,20667,NA,NA,0.251017210595994,61666,0.524772554850827
"266","17",2017-05-27,"K","6 Ambient","6","Ambient",NA,20667,NA,NA,NA,NA,NA,NA,NA,NA
"267","17",2017-05-28,"K","6 Ambient","6","Ambient",NA,20667,NA,NA,NA,NA,NA,NA,NA,NA
"268","17",2017-05-29,"K","6 Ambient","6","Ambient",NA,20667,NA,NA,NA,NA,NA,NA,NA,NA
"269","17",2017-05-30,"K","6 Ambient","6","Ambient",17600,17600,20667,NA,17600,NA,NA,0.851599167755359,3067,1.17534113880045
"270","17",2017-05-31,"K","6 Ambient","6","Ambient",16800,16800,17600,NA,16800,NA,NA,0.954545454545455,800,1.35594649371918
"271","17",2017-06-01,"K","6 Ambient","6","Ambient",NA,66667,NA,NA,NA,NA,49867,NA,NA,NA
"272","17",2017-06-02,"K","6 Ambient","6","Ambient",NA,66667,NA,NA,NA,NA,NA,NA,NA,NA
"273","17",2017-06-03,"K","6 Ambient","6","Ambient",NA,119317,NA,NA,NA,NA,52650,NA,NA,NA
"274","17",2017-06-04,"K","6 Ambient","6","Ambient",NA,119317,NA,NA,NA,NA,NA,NA,NA,NA
"275","17",2017-06-05,"K","6 Ambient","6","Ambient",64276,64220,119317,NA,64220,56,NA,0.538699430927697,55041,0.824136337556282
"276","17",2017-06-06,"K","6 Ambient","6","Ambient",NA,64220,NA,NA,NA,NA,NA,NA,NA,NA
"277","17",2017-06-07,"K","6 Ambient","6","Ambient",NA,64220,NA,NA,NA,NA,NA,NA,NA,NA
"278","17",2017-06-08,"K","6 Ambient","6","Ambient",NA,64220,NA,NA,NA,NA,NA,NA,NA,NA
"279","17",2017-06-09,"K","6 Ambient","6","Ambient",47497,46447,64220,NA,46447,1050,NA,0.739598255995017,16723,1.03526768547847
"280","17",2017-06-10,"K","6 Ambient","6","Ambient",NA,97913,NA,NA,NA,NA,51467,NA,NA,NA
"281","17",2017-06-11,"K","6 Ambient","6","Ambient",NA,97913,NA,NA,NA,NA,NA,NA,NA,NA
"282","17",2017-06-12,"K","6 Ambient","6","Ambient",92413,94480,97913,500,90280,2133,4200,0.943827683760073,5500,1.33151242085818
"283","17",2017-06-13,"K","6 Ambient","6","Ambient",NA,94480,NA,NA,NA,NA,NA,NA,NA,NA
"284","17",2017-06-14,"K","6 Ambient","6","Ambient",NA,94480,NA,NA,NA,NA,NA,NA,NA,NA
"285","17",2017-06-15,"K","6 Ambient","6","Ambient",68205,64180,94480,6133,64180,4025,NA,0.721898814563929,26275,1.015314199802
"286","17",2017-06-16,"K","6 Ambient","6","Ambient",NA,64180,NA,NA,NA,NA,NA,NA,NA,NA
"287","17",2017-06-17,"K","6 Ambient","6","Ambient",NA,64180,NA,NA,NA,NA,NA,NA,NA,NA
"288","17",2017-06-18,"K","6 Ambient","6","Ambient",NA,64180,NA,NA,NA,NA,NA,NA,NA,NA
"289","17",2017-06-19,"K","6 Ambient","6","Ambient",38300,83200,64180,2040,32050,6250,51150,0.596759114989093,25880,0.882771615631979
"290","17",2017-06-20,"K","6 Ambient","6","Ambient",NA,135733,NA,NA,NA,NA,52533,NA,NA,NA
"291","17",2017-06-21,"K","6 Ambient","6","Ambient",NA,135733,NA,NA,NA,NA,NA,NA,NA,NA
"292","17",2017-06-22,"K","6 Ambient","6","Ambient",75087,73380,135733,833,73187,1900,193,0.553196348714019,60646,0.838695385294045
"293","17",2017-06-23,"K","6 Ambient","6","Ambient",NA,73380,NA,NA,NA,NA,NA,NA,NA,NA
"294","17",2017-06-24,"K","6 Ambient","6","Ambient",NA,73380,NA,NA,NA,NA,NA,NA,NA,NA
"295","17",2017-06-25,"K","6 Ambient","6","Ambient",NA,73380,NA,NA,NA,NA,NA,NA,NA,NA
"296","17",2017-06-26,"K","6 Ambient","6","Ambient",42250,40400,73380,3000,40400,1850,NA,0.575769964568002,31130,0.86146116777554
"297","17",2017-06-27,"K","6 Ambient","6","Ambient",NA,40400,NA,NA,NA,NA,NA,NA,NA,NA
"298","17",2017-06-28,"K","6 Ambient","6","Ambient",NA,40400,NA,NA,NA,NA,NA,NA,NA,NA
"299","17",2017-06-29,"K","6 Ambient","6","Ambient",46307,45667,40400,3640,45667,640,NA,1.14621287128713,-5907,NA
"300","17",2017-06-30,"K","6 Ambient","6","Ambient",NA,45667,NA,NA,NA,NA,NA,NA,NA,NA
"301","17",2017-07-01,"K","6 Ambient","6","Ambient",NA,45667,NA,NA,NA,NA,NA,NA,NA,NA
"302","17",2017-07-02,"K","6 Ambient","6","Ambient",NA,45667,NA,NA,NA,NA,NA,NA,NA,NA
"303","17",2017-07-03,"K","6 Ambient","6","Ambient",28153,24993,45667,NA,24993,3160,NA,0.616484551207655,17514,0.902963005043394
"304","17",2017-07-04,"K","6 Ambient","6","Ambient",NA,24993,NA,NA,NA,NA,NA,NA,NA,NA
"305","17",2017-07-05,"K","6 Ambient","6","Ambient",NA,24993,NA,NA,NA,NA,NA,NA,NA,NA
"306","17",2017-07-06,"K","6 Ambient","6","Ambient",12960,12310,24993,4320,12310,650,NA,0.518545192653943,12033,0.803947610779199
"307","17",2017-07-07,"K","6 Ambient","6","Ambient",NA,12310,NA,NA,NA,NA,NA,NA,NA,NA
"308","17",2017-07-08,"K","6 Ambient","6","Ambient",NA,12310,NA,NA,NA,NA,NA,NA,NA,NA
"309","17",2017-07-09,"K","6 Ambient","6","Ambient",NA,12310,NA,NA,NA,NA,NA,NA,NA,NA
"310","17",2017-07-10,"K","6 Ambient","6","Ambient",7969,7775,12310,NA,7775,194,NA,0.64735987002437,4341,0.934979272773118
"311","17",2017-07-11,"K","6 Ambient","6","Ambient",NA,7775,NA,NA,NA,NA,NA,NA,NA,NA
"312","17",2017-07-12,"K","6 Ambient","6","Ambient",NA,7775,NA,NA,NA,NA,NA,NA,NA,NA
"313","17",2017-07-13,"K","6 Ambient","6","Ambient",2829,2779,7775,NA,2779,50,NA,0.363858520900322,4946,0.64751574368239
"314","17",2017-07-14,"K","6 Ambient","6","Ambient",NA,2779,NA,NA,NA,NA,NA,NA,NA,NA
"315","17",2017-07-15,"K","6 Ambient","6","Ambient",NA,2779,NA,NA,NA,NA,NA,NA,NA,NA
"316","17",2017-07-16,"K","6 Ambient","6","Ambient",NA,2779,NA,NA,NA,NA,NA,NA,NA,NA
"317","17",2017-07-17,"K","6 Ambient","6","Ambient",525,364,2779,124,364,161,NA,0.188916876574307,2254,0.449644825518239
"318","17",2017-07-18,"K","6 Ambient","6","Ambient",NA,364,NA,NA,NA,NA,NA,NA,NA,NA
"319","17",2017-07-19,"K","6 Ambient","6","Ambient",NA,364,NA,NA,NA,NA,NA,NA,NA,NA
"320","17",2017-07-20,"K","6 Ambient","6","Ambient",93,27,364,NA,27,67,NA,0.255494505494505,271,0.529920380308218
"321","17",2017-07-21,"K","6 Ambient","6","Ambient",NA,27,NA,NA,NA,NA,NA,NA,NA,NA
"322","17",2017-07-22,"K","6 Ambient","6","Ambient",NA,27,NA,NA,NA,NA,NA,NA,NA,NA
"323","17",2017-07-23,"K","6 Ambient","6","Ambient",NA,27,NA,NA,NA,NA,NA,NA,NA,NA
"324","17",2017-07-24,"K","6 Ambient","6","Ambient",NA,27,NA,NA,NA,NA,NA,NA,NA,NA
"325","18",2017-05-19,"K","10 Low","10","Low",NA,11917,NA,NA,NA,NA,11917,NA,NA,NA
"326","18",2017-05-20,"K","10 Low","10","Low",NA,11917,NA,NA,NA,NA,NA,NA,NA,NA
"327","18",2017-05-21,"K","10 Low","10","Low",NA,11917,NA,NA,NA,NA,NA,NA,NA,NA
"328","18",2017-05-22,"K","10 Low","10","Low",NA,11917,NA,NA,NA,NA,NA,NA,NA,NA
"329","18",2017-05-23,"K","10 Low","10","Low",15400,68133,11917,NA,15400,NA,52733,1.29227154485189,-3483,NA
"330","18",2017-05-24,"K","10 Low","10","Low",NA,118133,NA,NA,NA,NA,50000,NA,NA,NA
"331","18",2017-05-25,"K","10 Low","10","Low",NA,121533,NA,NA,NA,NA,3400,NA,NA,NA
"332","18",2017-05-26,"K","10 Low","10","Low",80000,90000,121533,NA,80000,NA,10000,0.658257428023664,41533,0.946424757962041
"333","18",2017-05-27,"K","10 Low","10","Low",NA,111600,NA,NA,NA,NA,21600,NA,NA,NA
"334","18",2017-05-28,"K","10 Low","10","Low",NA,111600,NA,NA,NA,NA,NA,NA,NA,NA
"335","18",2017-05-29,"K","10 Low","10","Low",NA,111600,NA,NA,NA,NA,NA,NA,NA,NA
"336","18",2017-05-30,"K","10 Low","10","Low",69867,69867,111600,NA,69867,NA,NA,0.626048387096774,41733,0.912821364232629
"337","18",2017-05-31,"K","10 Low","10","Low",53600,53600,69867,NA,53600,NA,NA,0.767171912347746,16267,1.0672637949753
"338","18",2017-06-01,"K","10 Low","10","Low",NA,53600,NA,NA,NA,NA,NA,NA,NA,NA
"339","18",2017-06-02,"K","10 Low","10","Low",NA,53600,NA,NA,NA,NA,NA,NA,NA,NA
"340","18",2017-06-03,"K","10 Low","10","Low",NA,53600,NA,NA,NA,NA,NA,NA,NA,NA
"341","18",2017-06-04,"K","10 Low","10","Low",NA,111433,NA,NA,NA,NA,57833,NA,NA,NA
"342","18",2017-06-05,"K","10 Low","10","Low",96953,113320,111433,NA,96013,940,17307,0.870056446474563,14480,1.20201727226056
"343","18",2017-06-06,"K","10 Low","10","Low",NA,113320,NA,NA,NA,NA,NA,NA,NA,NA
"344","18",2017-06-07,"K","10 Low","10","Low",NA,113320,NA,NA,NA,NA,NA,NA,NA,NA
"345","18",2017-06-08,"K","10 Low","10","Low",NA,113320,NA,NA,NA,NA,NA,NA,NA,NA
"346","18",2017-06-09,"K","10 Low","10","Low",58147,56747,113320,2773,56747,1400,NA,0.513122132015531,55173,0.798521802216373
"347","18",2017-06-10,"K","10 Low","10","Low",NA,56747,NA,NA,NA,NA,NA,NA,NA,NA
"348","18",2017-06-11,"K","10 Low","10","Low",NA,56747,NA,NA,NA,NA,NA,NA,NA,NA
"349","18",2017-06-12,"K","10 Low","10","Low",23887,23887,56747,267,23887,NA,NA,0.420938551817717,32860,0.706003491980933
"350","18",2017-06-13,"K","10 Low","10","Low",NA,23887,NA,NA,NA,NA,NA,NA,NA,NA
"351","18",2017-06-14,"K","10 Low","10","Low",NA,23887,NA,NA,NA,NA,NA,NA,NA,NA
"352","18",2017-06-15,"K","10 Low","10","Low",3325,3325,23887,533,3325,NA,NA,0.139197052790221,20562,0.382338582935489
"353","18",2017-06-16,"K","10 Low","10","Low",NA,3325,NA,NA,NA,NA,NA,NA,NA,NA
"354","18",2017-06-17,"K","10 Low","10","Low",NA,3325,NA,NA,NA,NA,NA,NA,NA,NA
"355","18",2017-06-18,"K","10 Low","10","Low",NA,3325,NA,NA,NA,NA,NA,NA,NA,NA
"356","18",2017-06-19,"K","10 Low","10","Low",1267,14167,3325,NA,1167,100,13000,0.381052631578947,2058,0.66529927142036
"357","18",2017-06-20,"K","10 Low","10","Low",NA,14167,NA,NA,NA,NA,NA,NA,NA,NA
"358","18",2017-06-21,"K","10 Low","10","Low",NA,14167,NA,NA,NA,NA,NA,NA,NA,NA
"359","18",2017-06-22,"K","10 Low","10","Low",7877,7877,14167,330,7877,NA,NA,0.556010446813016,6290,0.841526419556824
"360","18",2017-06-23,"K","10 Low","10","Low",NA,7877,NA,NA,NA,NA,NA,NA,NA,NA
"361","18",2017-06-24,"K","10 Low","10","Low",NA,7877,NA,NA,NA,NA,NA,NA,NA,NA
"362","18",2017-06-25,"K","10 Low","10","Low",NA,7877,NA,NA,NA,NA,NA,NA,NA,NA
"363","18",2017-06-26,"K","10 Low","10","Low",6530,6405,7877,233,6405,125,NA,0.828995810587787,1347,1.14447244455082
"364","18",2017-06-27,"K","10 Low","10","Low",NA,6405,NA,NA,NA,NA,NA,NA,NA,NA
"365","18",2017-06-28,"K","10 Low","10","Low",NA,6405,NA,NA,NA,NA,NA,NA,NA,NA
"366","18",2017-06-29,"K","10 Low","10","Low",3625,3625,6405,917,3625,NA,NA,0.565964090554254,2780,0.851555119707313
"367","18",2017-06-30,"K","10 Low","10","Low",NA,3625,NA,NA,NA,NA,NA,NA,NA,NA
"368","18",2017-07-01,"K","10 Low","10","Low",NA,3625,NA,NA,NA,NA,NA,NA,NA,NA
"369","18",2017-07-02,"K","10 Low","10","Low",NA,3625,NA,NA,NA,NA,NA,NA,NA,NA
"370","18",2017-07-03,"K","10 Low","10","Low",3119,3058,3625,NA,3058,61,NA,0.860413793103448,506,1.18789595827868
"371","18",2017-07-04,"K","10 Low","10","Low",NA,3058,NA,NA,NA,NA,NA,NA,NA,NA
"372","18",2017-07-05,"K","10 Low","10","Low",NA,3058,NA,NA,NA,NA,NA,NA,NA,NA
"373","18",2017-07-06,"K","10 Low","10","Low",1550,1417,3058,NA,1417,133,NA,0.506867233485939,1508,0.792265612802481
"374","18",2017-07-07,"K","10 Low","10","Low",NA,1417,NA,NA,NA,NA,NA,NA,NA,NA
"375","18",2017-07-08,"K","10 Low","10","Low",NA,1417,NA,NA,NA,NA,NA,NA,NA,NA
"376","18",2017-07-09,"K","10 Low","10","Low",NA,1417,NA,NA,NA,NA,NA,NA,NA,NA
"377","18",2017-07-10,"K","10 Low","10","Low",643,550,1417,NA,550,93,NA,0.453775582215949,774,0.739107646030211
"378","18",2017-07-11,"K","10 Low","10","Low",NA,550,NA,NA,NA,NA,NA,NA,NA,NA
"379","18",2017-07-12,"K","10 Low","10","Low",NA,550,NA,NA,NA,NA,NA,NA,NA,NA
"380","18",2017-07-13,"K","10 Low","10","Low",317,293,550,83,293,24,NA,0.576363636363636,233,0.862061831370771
"381","18",2017-07-14,"K","10 Low","10","Low",NA,293,NA,NA,NA,NA,NA,NA,NA,NA
"382","18",2017-07-15,"K","10 Low","10","Low",NA,293,NA,NA,NA,NA,NA,NA,NA,NA
"383","18",2017-07-16,"K","10 Low","10","Low",NA,293,NA,NA,NA,NA,NA,NA,NA,NA
"384","18",2017-07-17,"K","10 Low","10","Low",143,137,293,NA,137,6,NA,0.488054607508532,150,0.773451634269519
"385","18",2017-07-18,"K","10 Low","10","Low",NA,137,NA,NA,NA,NA,NA,NA,NA,NA
"386","18",2017-07-19,"K","10 Low","10","Low",NA,137,NA,NA,NA,NA,NA,NA,NA,NA
"387","18",2017-07-20,"K","10 Low","10","Low",28,NA,137,NA,NA,28,NA,0.204379562043796,109,0.469099874430812
"388","19",2017-05-24,"HL","10 Ambient","10","Ambient",NA,51467,NA,NA,NA,NA,51467,NA,NA,NA
"389","19",2017-05-25,"HL","10 Ambient","10","Ambient",NA,77787,NA,NA,NA,NA,26320,NA,NA,NA
"390","19",2017-05-26,"HL","10 Ambient","10","Ambient",71467,74267,77787,NA,71467,NA,2800,0.918752490776094,6320,1.2817487027536
"391","19",2017-05-27,"HL","10 Ambient","10","Ambient",NA,74267,NA,NA,NA,NA,NA,NA,NA,NA
"392","19",2017-05-28,"HL","10 Ambient","10","Ambient",NA,74267,NA,NA,NA,NA,NA,NA,NA,NA
"393","19",2017-05-29,"HL","10 Ambient","10","Ambient",NA,74267,NA,NA,NA,NA,NA,NA,NA,NA
"394","19",2017-05-30,"HL","10 Ambient","10","Ambient",60267,60267,74267,NA,60267,NA,NA,0.811490971764041,14000,1.12167267274576
"395","19",2017-05-31,"HL","10 Ambient","10","Ambient",NA,NA,60267,NA,NA,NA,72800,NA,NA,NA
"396","19",2017-06-05,"HL","10 Ambient","10","Ambient",88227,88227,NA,NA,88227,NA,NA,NA,NA,NA
"397","19",2017-06-06,"HL","10 Ambient","10","Ambient",NA,88227,NA,NA,NA,NA,NA,NA,NA,NA
"398","19",2017-06-07,"HL","10 Ambient","10","Ambient",NA,88227,NA,NA,NA,NA,NA,NA,NA,NA
"399","19",2017-06-08,"HL","10 Ambient","10","Ambient",NA,88227,NA,NA,NA,NA,NA,NA,NA,NA
"400","19",2017-06-09,"HL","10 Ambient","10","Ambient",93497,93467,88227,NA,93467,31,NA,1.05973228150113,-5270,NA
"401","19",2017-06-10,"HL","10 Ambient","10","Ambient",NA,93467,NA,NA,NA,NA,NA,NA,NA,NA
"402","19",2017-06-11,"HL","10 Ambient","10","Ambient",NA,93467,NA,NA,NA,NA,NA,NA,NA,NA
"403","19",2017-06-12,"HL","10 Ambient","10","Ambient",74387,72737,93467,2917,72737,1650,NA,0.79586378079964,19080,1.10199824803674
"404","19",2017-06-13,"HL","10 Ambient","10","Ambient",NA,72737,NA,NA,NA,NA,NA,NA,NA,NA
"405","19",2017-06-14,"HL","10 Ambient","10","Ambient",NA,72737,NA,NA,NA,NA,NA,NA,NA,NA
"406","19",2017-06-15,"HL","10 Ambient","10","Ambient",49277,47760,72737,2820,47760,1517,NA,0.677468138636457,23460,0.966821116275874
"407","19",2017-06-16,"HL","10 Ambient","10","Ambient",NA,47760,NA,NA,NA,NA,NA,NA,NA,NA
"408","19",2017-06-17,"HL","10 Ambient","10","Ambient",NA,47760,NA,NA,NA,NA,NA,NA,NA,NA
"409","19",2017-06-18,"HL","10 Ambient","10","Ambient",NA,47760,NA,NA,NA,NA,NA,NA,NA,NA
"410","19",2017-06-19,"HL","10 Ambient","10","Ambient",23700,73823,47760,2333,20367,3333,53457,0.496231155778894,24060,0.781629283486519
"411","19",2017-06-20,"HL","10 Ambient","10","Ambient",NA,73823,NA,NA,NA,NA,NA,NA,NA,NA
"412","19",2017-06-21,"HL","10 Ambient","10","Ambient",NA,73823,NA,NA,NA,NA,NA,NA,NA,NA
"413","19",2017-06-22,"HL","10 Ambient","10","Ambient",42553,41121,73823,NA,39557,2997,1564,0.576419273126262,31270,0.862118129081225
"414","19",2017-06-23,"HL","10 Ambient","10","Ambient",NA,41121,NA,NA,NA,NA,NA,NA,NA,NA
"415","19",2017-06-24,"HL","10 Ambient","10","Ambient",NA,41121,NA,NA,NA,NA,NA,NA,NA,NA
"416","19",2017-06-25,"HL","10 Ambient","10","Ambient",NA,41121,NA,NA,NA,NA,NA,NA,NA,NA
"417","19",2017-06-26,"HL","10 Ambient","10","Ambient",25447,23447,41121,3467,23447,2000,NA,0.618832226842732,15674,0.905378513924704
"418","19",2017-06-27,"HL","10 Ambient","10","Ambient",NA,23447,NA,NA,NA,NA,NA,NA,NA,NA
"419","19",2017-06-28,"HL","10 Ambient","10","Ambient",NA,23447,NA,NA,NA,NA,NA,NA,NA,NA
"420","19",2017-06-29,"HL","10 Ambient","10","Ambient",12067,85517,23447,100,11717,350,73800,0.5146500618416,11380,0.800050322222226
"421","19",2017-06-30,"HL","10 Ambient","10","Ambient",NA,85517,NA,NA,NA,NA,NA,NA,NA,NA
"422","19",2017-07-01,"HL","10 Ambient","10","Ambient",NA,87167,NA,NA,NA,NA,1650,NA,NA,NA
"423","19",2017-07-02,"HL","10 Ambient","10","Ambient",NA,87167,NA,NA,NA,NA,NA,NA,NA,NA
"424","19",2017-07-03,"HL","10 Ambient","10","Ambient",73742,73500,87167,93,73500,242,NA,0.845985292599263,13425,1.16750572234177
"425","19",2017-07-04,"HL","10 Ambient","10","Ambient",NA,73500,NA,NA,NA,NA,NA,NA,NA,NA
"426","19",2017-07-05,"HL","10 Ambient","10","Ambient",NA,73500,NA,NA,NA,NA,NA,NA,NA,NA
"427","19",2017-07-06,"HL","10 Ambient","10","Ambient",77305,76680,73500,92,76680,625,NA,1.05176870748299,-3805,NA
"428","19",2017-07-07,"HL","10 Ambient","10","Ambient",NA,76680,NA,NA,NA,NA,NA,NA,NA,NA
"429","19",2017-07-08,"HL","10 Ambient","10","Ambient",NA,76680,NA,NA,NA,NA,NA,NA,NA,NA
"430","19",2017-07-09,"HL","10 Ambient","10","Ambient",NA,76680,NA,NA,NA,NA,NA,NA,NA,NA
"431","19",2017-07-10,"HL","10 Ambient","10","Ambient",50100,49167,76680,NA,49167,933,NA,0.653364632237872,26580,0.941275533784225
"432","19",2017-07-11,"HL","10 Ambient","10","Ambient",NA,49167,NA,NA,NA,NA,NA,NA,NA,NA
"433","19",2017-07-12,"HL","10 Ambient","10","Ambient",NA,49167,NA,NA,NA,NA,NA,NA,NA,NA
"434","19",2017-07-13,"HL","10 Ambient","10","Ambient",14365,14290,49167,2167,14290,75,NA,0.292167510728741,34802,0.571061256396687
"435","19",2017-07-14,"HL","10 Ambient","10","Ambient",NA,14290,NA,NA,NA,NA,NA,NA,NA,NA
"436","19",2017-07-15,"HL","10 Ambient","10","Ambient",NA,14290,NA,NA,NA,NA,NA,NA,NA,NA
"437","19",2017-07-16,"HL","10 Ambient","10","Ambient",NA,14290,NA,NA,NA,NA,NA,NA,NA,NA
"438","19",2017-07-17,"HL","10 Ambient","10","Ambient",3251,3190,14290,NA,3190,61,NA,0.227501749475157,11039,0.497205692619969
"439","19",2017-07-18,"HL","10 Ambient","10","Ambient",NA,3190,NA,NA,NA,NA,NA,NA,NA,NA
"440","19",2017-07-19,"HL","10 Ambient","10","Ambient",NA,3190,NA,NA,NA,NA,NA,NA,NA,NA
"441","19",2017-07-20,"HL","10 Ambient","10","Ambient",331,311,3190,NA,311,20,NA,0.103761755485893,2859,0.327968753163715
"442","19",2017-07-21,"HL","10 Ambient","10","Ambient",NA,311,NA,NA,NA,NA,NA,NA,NA,NA
"443","19",2017-07-22,"HL","10 Ambient","10","Ambient",NA,311,NA,NA,NA,NA,NA,NA,NA,NA
"444","19",2017-07-23,"HL","10 Ambient","10","Ambient",NA,311,NA,NA,NA,NA,NA,NA,NA,NA
"445","19",2017-07-24,"HL","10 Ambient","10","Ambient",NA,311,NA,NA,NA,NA,NA,NA,NA,NA
"446","19",2017-07-25,"HL","10 Ambient","10","Ambient",111,83,NA,NA,83,28,NA,NA,NA,NA
"447","19",2017-07-27,"HL","10 Ambient","10","Ambient",NA,83,NA,NA,NA,NA,NA,NA,NA,NA
"448","19",2017-07-28,"HL","10 Ambient","10","Ambient",NA,83,NA,NA,NA,NA,NA,NA,NA,NA
"449","19",2017-07-29,"HL","10 Ambient","10","Ambient",NA,83,NA,NA,NA,NA,NA,NA,NA,NA
"450","19",2017-07-30,"HL","10 Ambient","10","Ambient",NA,83,NA,NA,NA,NA,NA,NA,NA,NA
"451","20",2017-05-21,"K","6 Low","6","Low",NA,53900,NA,NA,NA,NA,53900,NA,NA,NA
"452","20",2017-05-22,"K","6 Low","6","Low",NA,55700,NA,NA,NA,NA,1800,NA,NA,NA
"453","20",2017-05-23,"K","6 Low","6","Low",55333,104433,55700,NA,55333,NA,49100,0.993411131059246,367,1.48953507481068
"454","20",2017-05-24,"K","6 Low","6","Low",NA,127267,NA,NA,NA,NA,22833,NA,NA,NA
"455","20",2017-05-25,"K","6 Low","6","Low",NA,127267,NA,NA,NA,NA,NA,NA,NA,NA
"456","20",2017-05-26,"K","6 Low","6","Low",71400,75667,127267,NA,71400,NA,4267,0.561025246136076,55867,0.846575942871945
"457","20",2017-05-27,"K","6 Low","6","Low",NA,75667,NA,NA,NA,NA,NA,NA,NA,NA
"458","20",2017-05-28,"K","6 Low","6","Low",NA,75667,NA,NA,NA,NA,NA,NA,NA,NA
"459","20",2017-05-29,"K","6 Low","6","Low",NA,75667,NA,NA,NA,NA,NA,NA,NA,NA
"460","20",2017-05-30,"K","6 Low","6","Low",83200,83200,75667,NA,83200,NA,NA,1.09955462751265,-7533,NA
"461","20",2017-05-31,"K","6 Low","6","Low",20800,20800,83200,NA,20800,NA,NA,0.25,62400,0.523598775598299
"462","20",2017-06-01,"K","6 Low","6","Low",NA,20800,NA,NA,NA,NA,NA,NA,NA,NA
"463","20",2017-06-02,"K","6 Low","6","Low",NA,20800,NA,NA,NA,NA,NA,NA,NA,NA
"464","20",2017-06-03,"K","6 Low","6","Low",NA,20800,NA,NA,NA,NA,NA,NA,NA,NA
"465","20",2017-06-04,"K","6 Low","6","Low",NA,20800,NA,NA,NA,NA,NA,NA,NA,NA
"466","20",2017-06-05,"K","6 Low","6","Low",2175,2175,20800,NA,2175,NA,NA,0.104567307692308,18625,0.32928728431971
"467","20",2017-06-06,"K","6 Low","6","Low",NA,2175,NA,NA,NA,NA,NA,NA,NA,NA
"468","20",2017-06-07,"K","6 Low","6","Low",NA,40925,NA,NA,NA,NA,38750,NA,NA,NA
"469","20",2017-06-08,"K","6 Low","6","Low",NA,49992,NA,NA,NA,NA,9067,NA,NA,NA
"470","20",2017-06-09,"K","6 Low","6","Low",55233,55050,49992,1083,55050,183,NA,1.10483677388382,-5241,NA
"471","20",2017-06-10,"K","6 Low","6","Low",NA,55050,NA,NA,NA,NA,NA,NA,NA,NA
"472","20",2017-06-11,"K","6 Low","6","Low",NA,55050,NA,NA,NA,NA,NA,NA,NA,NA
"473","20",2017-06-12,"K","6 Low","6","Low",47879,47067,55050,1613,47067,813,NA,0.869736603088102,7171,1.20154190506482
"474","20",2017-06-13,"K","6 Low","6","Low",NA,47067,NA,NA,NA,NA,NA,NA,NA,NA
"475","20",2017-06-14,"K","6 Low","6","Low",NA,47067,NA,NA,NA,NA,NA,NA,NA,NA
"476","20",2017-06-15,"K","6 Low","6","Low",32417,32017,47067,840,32017,400,NA,0.688741581150275,14650,0.978936596800273
"477","20",2017-06-16,"K","6 Low","6","Low",NA,32017,NA,NA,NA,NA,NA,NA,NA,NA
"478","20",2017-06-17,"K","6 Low","6","Low",NA,32017,NA,NA,NA,NA,NA,NA,NA,NA
"479","20",2017-06-18,"K","6 Low","6","Low",NA,32017,NA,NA,NA,NA,NA,NA,NA,NA
"480","20",2017-06-19,"K","6 Low","6","Low",34500,34500,32017,817,34500,NA,NA,1.0775525502077,-2483,NA
"481","20",2017-06-20,"K","6 Low","6","Low",NA,34500,NA,NA,NA,NA,NA,NA,NA,NA
"482","20",2017-06-21,"K","6 Low","6","Low",NA,34500,NA,NA,NA,NA,NA,NA,NA,NA
"483","20",2017-06-22,"K","6 Low","6","Low",28333,27567,34500,900,27567,767,NA,0.821246376811594,6167,1.13427159123324
"484","20",2017-06-23,"K","6 Low","6","Low",NA,27567,NA,NA,NA,NA,NA,NA,NA,NA
"485","20",2017-06-24,"K","6 Low","6","Low",NA,27567,NA,NA,NA,NA,NA,NA,NA,NA
"486","20",2017-06-25,"K","6 Low","6","Low",NA,27567,NA,NA,NA,NA,NA,NA,NA,NA
"487","20",2017-06-26,"K","6 Low","6","Low",19900,17900,27567,600,17900,2000,NA,0.721877607284072,7667,1.01529053459554
"488","20",2017-06-27,"K","6 Low","6","Low",NA,17900,NA,NA,NA,NA,NA,NA,NA,NA
"489","20",2017-06-28,"K","6 Low","6","Low",NA,17900,NA,NA,NA,NA,NA,NA,NA,NA
"490","20",2017-06-29,"K","6 Low","6","Low",21700,19700,17900,1833,19700,2000,NA,1.2122905027933,-3800,NA
"491","20",2017-06-30,"K","6 Low","6","Low",NA,19700,NA,NA,NA,NA,NA,NA,NA,NA
"492","20",2017-07-01,"K","6 Low","6","Low",NA,19700,NA,NA,NA,NA,NA,NA,NA,NA
"493","20",2017-07-02,"K","6 Low","6","Low",NA,19700,NA,NA,NA,NA,NA,NA,NA,NA
"494","20",2017-07-03,"K","6 Low","6","Low",16425,15025,19700,NA,15025,1400,NA,0.833756345177665,3275,1.15082980995571
"495","20",2017-07-04,"K","6 Low","6","Low",NA,15025,NA,NA,NA,NA,NA,NA,NA,NA
"496","20",2017-07-05,"K","6 Low","6","Low",NA,15025,NA,NA,NA,NA,NA,NA,NA,NA
"497","20",2017-07-06,"K","6 Low","6","Low",7161,6034,15025,32,6034,1127,NA,0.476605657237937,7864,0.76199527647344
"498","20",2017-07-07,"K","6 Low","6","Low",NA,6034,NA,NA,NA,NA,NA,NA,NA,NA
"499","20",2017-07-08,"K","6 Low","6","Low",NA,6034,NA,NA,NA,NA,NA,NA,NA,NA
"500","20",2017-07-09,"K","6 Low","6","Low",NA,6034,NA,NA,NA,NA,NA,NA,NA,NA
"501","20",2017-07-10,"K","6 Low","6","Low",3278,2278,6034,NA,2278,1000,NA,0.543254888962546,2756,0.828707187718912
"502","20",2017-07-11,"K","6 Low","6","Low",NA,2278,NA,NA,NA,NA,NA,NA,NA,NA
"503","20",2017-07-12,"K","6 Low","6","Low",NA,2278,NA,NA,NA,NA,NA,NA,NA,NA
"504","20",2017-07-13,"K","6 Low","6","Low",401,373,2278,NA,373,28,NA,0.17603160667252,1877,0.432961868852508
"505","20",2017-07-14,"K","6 Low","6","Low",NA,373,NA,NA,NA,NA,NA,NA,NA,NA
"506","20",2017-07-15,"K","6 Low","6","Low",NA,373,NA,NA,NA,NA,NA,NA,NA,NA
"507","20",2017-07-16,"K","6 Low","6","Low",NA,373,NA,NA,NA,NA,NA,NA,NA,NA
"508","20",2017-07-17,"K","6 Low","6","Low",243,225,373,NA,225,18,NA,0.651474530831099,130,0.93929097330814
"509","20",2017-07-18,"K","6 Low","6","Low",NA,225,NA,NA,NA,NA,NA,NA,NA,NA
"510","20",2017-07-19,"K","6 Low","6","Low",NA,225,NA,NA,NA,NA,NA,NA,NA,NA
"511","20",2017-07-20,"K","6 Low","6","Low",NA,NA,225,NA,NA,NA,NA,NA,NA,NA
"512","21",2017-05-26,"HL","10 Low","10","Low",NA,44200,NA,NA,NA,NA,44200,NA,NA,NA
"513","21",2017-05-27,"HL","10 Low","10","Low",NA,162067,NA,NA,NA,NA,117867,NA,NA,NA
"514","21",2017-05-28,"HL","10 Low","10","Low",NA,162067,NA,NA,NA,NA,NA,NA,NA,NA
"515","21",2017-05-29,"HL","10 Low","10","Low",NA,162067,NA,NA,NA,NA,NA,NA,NA,NA
"516","21",2017-05-30,"HL","10 Low","10","Low",96533,96533,162067,NA,96533,NA,NA,0.595636372611327,65534,0.881627497968106
"517","21",2017-05-31,"HL","10 Low","10","Low",50400,50400,96533,NA,50400,NA,NA,0.522101250349621,46133,0.807506617211193
"518","21",2017-06-01,"HL","10 Low","10","Low",NA,50400,NA,NA,NA,NA,NA,NA,NA,NA
"519","21",2017-06-02,"HL","10 Low","10","Low",NA,50400,NA,NA,NA,NA,NA,NA,NA,NA
"520","21",2017-06-03,"HL","10 Low","10","Low",NA,50400,NA,NA,NA,NA,NA,NA,NA,NA
"521","21",2017-06-04,"HL","10 Low","10","Low",NA,50400,NA,NA,NA,NA,NA,NA,NA,NA
"522","21",2017-06-05,"HL","10 Low","10","Low",70563,70563,50400,NA,70563,NA,NA,1.40005952380952,-20163,NA
"523","21",2017-06-06,"HL","10 Low","10","Low",NA,70563,NA,NA,NA,NA,NA,NA,NA,NA
"524","21",2017-06-07,"HL","10 Low","10","Low",NA,70563,NA,NA,NA,NA,NA,NA,NA,NA
"525","21",2017-06-08,"HL","10 Low","10","Low",NA,70563,NA,NA,NA,NA,NA,NA,NA,NA
"526","21",2017-06-09,"HL","10 Low","10","Low",56334,56247,70563,175,56247,88,NA,0.798350410271672,14229,1.10508990384753
"527","21",2017-06-10,"HL","10 Low","10","Low",NA,110447,NA,NA,NA,NA,54200,NA,NA,NA
"528","21",2017-06-11,"HL","10 Low","10","Low",NA,110447,NA,NA,NA,NA,NA,NA,NA,NA
"529","21",2017-06-12,"HL","10 Low","10","Low",86077,136000,110447,375,82667,3410,53333,0.779351182014903,24370,1.08180834649398
"530","21",2017-06-13,"HL","10 Low","10","Low",NA,136000,NA,NA,NA,NA,NA,NA,NA,NA
"531","21",2017-06-14,"HL","10 Low","10","Low",NA,136000,NA,NA,NA,NA,NA,NA,NA,NA
"532","21",2017-06-15,"HL","10 Low","10","Low",131058,125458,136000,1200,125458,5600,NA,0.963661764705882,4942,1.37899662388866
"533","21",2017-06-16,"HL","10 Low","10","Low",NA,125458,NA,NA,NA,NA,NA,NA,NA,NA
"534","21",2017-06-17,"HL","10 Low","10","Low",NA,156608,NA,NA,NA,NA,31150,NA,NA,NA
"535","21",2017-06-18,"HL","10 Low","10","Low",NA,156608,NA,NA,NA,NA,NA,NA,NA,NA
"536","21",2017-06-19,"HL","10 Low","10","Low",93327,92618,156608,6500,92493,833,125,0.595927411115652,63281,0.881924028167168
"537","21",2017-06-20,"HL","10 Low","10","Low",NA,92618,NA,NA,NA,NA,NA,NA,NA,NA
"538","21",2017-06-21,"HL","10 Low","10","Low",NA,92618,NA,NA,NA,NA,NA,NA,NA,NA
"539","21",2017-06-22,"HL","10 Low","10","Low",76575,75600,92618,167,75600,975,NA,0.826783130708934,16043,1.14154154644374
"540","21",2017-06-23,"HL","10 Low","10","Low",NA,75600,NA,NA,NA,NA,NA,NA,NA,NA
"541","21",2017-06-24,"HL","10 Low","10","Low",NA,85600,NA,NA,NA,NA,10000,NA,NA,NA
"542","21",2017-06-25,"HL","10 Low","10","Low",NA,85600,NA,NA,NA,NA,NA,NA,NA,NA
"543","21",2017-06-26,"HL","10 Low","10","Low",46487,45833,85600,317,45833,653,NA,0.543072429906542,39113,0.828524044958573
"544","21",2017-06-27,"HL","10 Low","10","Low",NA,45833,NA,NA,NA,NA,NA,NA,NA,NA
"545","21",2017-06-28,"HL","10 Low","10","Low",NA,45833,NA,NA,NA,NA,NA,NA,NA,NA
"546","21",2017-06-29,"HL","10 Low","10","Low",41907,41687,45833,77,41687,220,NA,0.914341195208692,3926,1.2737729186995
"547","21",2017-06-30,"HL","10 Low","10","Low",NA,41687,NA,NA,NA,NA,NA,NA,NA,NA
"548","21",2017-07-01,"HL","10 Low","10","Low",NA,41687,NA,NA,NA,NA,NA,NA,NA,NA
"549","21",2017-07-02,"HL","10 Low","10","Low",NA,41687,NA,NA,NA,NA,NA,NA,NA,NA
"550","21",2017-07-03,"HL","10 Low","10","Low",35705,34935,41687,93,34935,770,NA,0.856502027010819,5982,1.18228483144043
"551","21",2017-07-04,"HL","10 Low","10","Low",NA,34935,NA,NA,NA,NA,NA,NA,NA,NA
"552","21",2017-07-05,"HL","10 Low","10","Low",NA,34935,NA,NA,NA,NA,NA,NA,NA,NA
"553","21",2017-07-06,"HL","10 Low","10","Low",28510,26427,34935,NA,26427,2083,NA,0.816087018749105,6425,1.12757608790299
"554","21",2017-07-07,"HL","10 Low","10","Low",NA,26427,NA,NA,NA,NA,NA,NA,NA,NA
"555","21",2017-07-08,"HL","10 Low","10","Low",NA,26427,NA,NA,NA,NA,NA,NA,NA,NA
"556","21",2017-07-09,"HL","10 Low","10","Low",NA,26427,NA,NA,NA,NA,NA,NA,NA,NA
"557","21",2017-07-10,"HL","10 Low","10","Low",23478,19823,26427,150,19823,3655,NA,0.888409581110228,2949,1.23019756127843
"558","21",2017-07-11,"HL","10 Low","10","Low",NA,19823,NA,NA,NA,NA,NA,NA,NA,NA
"559","21",2017-07-12,"HL","10 Low","10","Low",NA,19823,NA,NA,NA,NA,NA,NA,NA,NA
"560","21",2017-07-13,"HL","10 Low","10","Low",10367,10033,19823,533,10033,333,NA,0.522978358472481,9456,0.808384618025085
"561","21",2017-07-14,"HL","10 Low","10","Low",NA,10033,NA,NA,NA,NA,NA,NA,NA,NA
"562","21",2017-07-15,"HL","10 Low","10","Low",NA,10033,NA,NA,NA,NA,NA,NA,NA,NA
"563","21",2017-07-16,"HL","10 Low","10","Low",NA,10033,NA,NA,NA,NA,NA,NA,NA,NA
"564","21",2017-07-17,"HL","10 Low","10","Low",5071,4551,10033,NA,4551,520,NA,0.505432074155288,4962,0.790830344416109
"565","21",2017-07-18,"HL","10 Low","10","Low",NA,4551,NA,NA,NA,NA,NA,NA,NA,NA
"566","21",2017-07-19,"HL","10 Low","10","Low",NA,4551,NA,NA,NA,NA,NA,NA,NA,NA
"567","21",2017-07-20,"HL","10 Low","10","Low",1675,1125,4551,NA,1125,550,NA,0.368050977807075,2876,0.651867519154775
"568","21",2017-07-21,"HL","10 Low","10","Low",NA,1125,NA,NA,NA,NA,NA,NA,NA,NA
"569","21",2017-07-22,"HL","10 Low","10","Low",NA,1125,NA,NA,NA,NA,NA,NA,NA,NA
"570","21",2017-07-23,"HL","10 Low","10","Low",NA,1125,NA,NA,NA,NA,NA,NA,NA,NA
"571","21",2017-07-24,"HL","10 Low","10","Low",NA,1125,NA,NA,NA,NA,NA,NA,NA,NA
"572","21",2017-07-25,"HL","10 Low","10","Low",314,189,NA,NA,189,125,NA,NA,NA,NA
"573","21",2017-07-27,"HL","10 Low","10","Low",NA,189,NA,NA,NA,NA,NA,NA,NA,NA
"574","21",2017-07-28,"HL","10 Low","10","Low",NA,189,NA,NA,NA,NA,NA,NA,NA,NA
"575","21",2017-07-29,"HL","10 Low","10","Low",NA,189,NA,NA,NA,NA,NA,NA,NA,NA
"576","21",2017-07-30,"HL","10 Low","10","Low",NA,189,NA,NA,NA,NA,NA,NA,NA,NA
"577","22",2017-05-20,"K","10 Ambient","10","Ambient",NA,108000,NA,NA,NA,NA,108000,NA,NA,NA
"578","22",2017-05-21,"K","10 Ambient","10","Ambient",NA,121250,NA,NA,NA,NA,13250,NA,NA,NA
"579","22",2017-05-22,"K","10 Ambient","10","Ambient",NA,121875,NA,NA,NA,NA,625,NA,NA,NA
"580","22",2017-05-23,"K","10 Ambient","10","Ambient",124133,124133,121875,NA,124133,NA,NA,1.01852717948718,-2258,NA
"581","22",2017-05-24,"K","10 Ambient","10","Ambient",NA,148283,NA,NA,NA,NA,24150,NA,NA,NA
"582","22",2017-05-25,"K","10 Ambient","10","Ambient",NA,179490,NA,NA,NA,NA,31207,NA,NA,NA
"583","22",2017-05-26,"K","10 Ambient","10","Ambient",86933,86933,179490,NA,86933,NA,NA,0.484333389046744,92557,0.769728987807467
"584","22",2017-05-27,"K","10 Ambient","10","Ambient",NA,86933,NA,NA,NA,NA,NA,NA,NA,NA
"585","22",2017-05-28,"K","10 Ambient","10","Ambient",NA,86933,NA,NA,NA,NA,NA,NA,NA,NA
"586","22",2017-05-29,"K","10 Ambient","10","Ambient",NA,86933,NA,NA,NA,NA,NA,NA,NA,NA
"587","22",2017-05-30,"K","10 Ambient","10","Ambient",74133,74133,86933,NA,74133,NA,NA,0.852760171626425,12800,1.17697671871623
"588","22",2017-05-31,"K","10 Ambient","10","Ambient",72000,72000,74133,NA,72000,NA,NA,0.971227388612359,2133,1.40034727173822
"589","22",2017-06-01,"K","10 Ambient","10","Ambient",NA,112533,NA,NA,NA,NA,40533,NA,NA,NA
"590","22",2017-06-02,"K","10 Ambient","10","Ambient",NA,112533,NA,NA,NA,NA,NA,NA,NA,NA
"591","22",2017-06-03,"K","10 Ambient","10","Ambient",NA,162800,NA,NA,NA,NA,50267,NA,NA,NA
"592","22",2017-06-04,"K","10 Ambient","10","Ambient",NA,162800,NA,NA,NA,NA,NA,NA,NA,NA
"593","22",2017-06-05,"K","10 Ambient","10","Ambient",89473,89273,162800,NA,89273,200,NA,0.549588452088452,73327,0.835068269910174
"594","22",2017-06-06,"K","10 Ambient","10","Ambient",NA,89273,NA,NA,NA,NA,NA,NA,NA,NA
"595","22",2017-06-07,"K","10 Ambient","10","Ambient",NA,89273,NA,NA,NA,NA,NA,NA,NA,NA
"596","22",2017-06-08,"K","10 Ambient","10","Ambient",NA,114440,NA,NA,NA,NA,25167,NA,NA,NA
"597","22",2017-06-09,"K","10 Ambient","10","Ambient",85933,83333,114440,3750,83333,2600,NA,0.750900034952814,28507,1.04823744712771
"598","22",2017-06-10,"K","10 Ambient","10","Ambient",NA,83333,NA,NA,NA,NA,NA,NA,NA,NA
"599","22",2017-06-11,"K","10 Ambient","10","Ambient",NA,83333,NA,NA,NA,NA,NA,NA,NA,NA
"600","22",2017-06-12,"K","10 Ambient","10","Ambient",66390,62773,83333,817,62773,3617,NA,0.796683186732747,16943,1.10301546688521
"601","22",2017-06-13,"K","10 Ambient","10","Ambient",NA,62773,NA,NA,NA,NA,NA,NA,NA,NA
"602","22",2017-06-14,"K","10 Ambient","10","Ambient",NA,62773,NA,NA,NA,NA,NA,NA,NA,NA
"603","22",2017-06-15,"K","10 Ambient","10","Ambient",54417,70333,62773,NA,52167,2250,18167,0.866885444378953,8356,1.19732605755004
"604","22",2017-06-16,"K","10 Ambient","10","Ambient",NA,70333,NA,NA,NA,NA,NA,NA,NA,NA
"605","22",2017-06-17,"K","10 Ambient","10","Ambient",NA,83133,NA,NA,NA,NA,12800,NA,NA,NA
"606","22",2017-06-18,"K","10 Ambient","10","Ambient",NA,83133,NA,NA,NA,NA,NA,NA,NA,NA
"607","22",2017-06-19,"K","10 Ambient","10","Ambient",32000,29833,83133,3667,29833,2167,NA,0.384925360566803,51133,0.66928262498172
"608","22",2017-06-20,"K","10 Ambient","10","Ambient",NA,29833,NA,NA,NA,NA,NA,NA,NA,NA
"609","22",2017-06-21,"K","10 Ambient","10","Ambient",NA,29833,NA,NA,NA,NA,NA,NA,NA,NA
"610","22",2017-06-22,"K","10 Ambient","10","Ambient",27967,27300,29833,NA,27300,667,NA,0.937451815104079,1866,1.31801655925722
"611","22",2017-06-23,"K","10 Ambient","10","Ambient",NA,27300,NA,NA,NA,NA,NA,NA,NA,NA
"612","22",2017-06-24,"K","10 Ambient","10","Ambient",NA,27300,NA,NA,NA,NA,NA,NA,NA,NA
"613","22",2017-06-25,"K","10 Ambient","10","Ambient",NA,27300,NA,NA,NA,NA,NA,NA,NA,NA
"614","22",2017-06-26,"K","10 Ambient","10","Ambient",11690,11090,27300,1067,11090,600,NA,0.428205128205128,15610,0.713354262812343
"615","22",2017-06-27,"K","10 Ambient","10","Ambient",NA,11090,NA,NA,NA,NA,NA,NA,NA,NA
"616","22",2017-06-28,"K","10 Ambient","10","Ambient",NA,11090,NA,NA,NA,NA,NA,NA,NA,NA
"617","22",2017-06-29,"K","10 Ambient","10","Ambient",7387,7233,11090,300,7233,153,NA,0.66609558160505,3703,0.954711020462056
"618","22",2017-06-30,"K","10 Ambient","10","Ambient",NA,7233,NA,NA,NA,NA,NA,NA,NA,NA
"619","22",2017-07-01,"K","10 Ambient","10","Ambient",NA,7233,NA,NA,NA,NA,NA,NA,NA,NA
"620","22",2017-07-02,"K","10 Ambient","10","Ambient",NA,7233,NA,NA,NA,NA,NA,NA,NA,NA
"621","22",2017-07-03,"K","10 Ambient","10","Ambient",5546,4858,7233,90,4858,688,NA,0.766763445320061,1687,1.06678070231997
"622","22",2017-07-04,"K","10 Ambient","10","Ambient",NA,4858,NA,NA,NA,NA,NA,NA,NA,NA
"623","22",2017-07-05,"K","10 Ambient","10","Ambient",NA,4858,NA,NA,NA,NA,NA,NA,NA,NA
"624","22",2017-07-06,"K","10 Ambient","10","Ambient",3520,3187,4858,38,3187,333,NA,0.724578015644298,1338,1.01830841355096
"625","22",2017-07-07,"K","10 Ambient","10","Ambient",NA,3187,NA,NA,NA,NA,NA,NA,NA,NA
"626","22",2017-07-08,"K","10 Ambient","10","Ambient",NA,3187,NA,NA,NA,NA,NA,NA,NA,NA
"627","22",2017-07-09,"K","10 Ambient","10","Ambient",NA,3187,NA,NA,NA,NA,NA,NA,NA,NA
"628","22",2017-07-10,"K","10 Ambient","10","Ambient",1893,1368,3187,NA,1368,525,NA,0.593975525572639,1294,0.879935964133488
"629","22",2017-07-11,"K","10 Ambient","10","Ambient",NA,1368,NA,NA,NA,NA,NA,NA,NA,NA
"630","22",2017-07-12,"K","10 Ambient","10","Ambient",NA,1368,NA,NA,NA,NA,NA,NA,NA,NA
"631","22",2017-07-13,"K","10 Ambient","10","Ambient",372,347,1368,NA,347,25,NA,0.271929824561404,996,0.548571553536945
"632","22",2017-07-14,"K","10 Ambient","10","Ambient",NA,347,NA,NA,NA,NA,NA,NA,NA,NA
"633","22",2017-07-15,"K","10 Ambient","10","Ambient",NA,347,NA,NA,NA,NA,NA,NA,NA,NA
"634","22",2017-07-16,"K","10 Ambient","10","Ambient",NA,347,NA,NA,NA,NA,NA,NA,NA,NA
"635","22",2017-07-17,"K","10 Ambient","10","Ambient",31,28,347,NA,28,3,NA,0.0893371757925072,316,0.303532677662275
"636","22",2017-07-18,"K","10 Ambient","10","Ambient",NA,28,NA,NA,NA,NA,NA,NA,NA,NA
"637","22",2017-07-19,"K","10 Ambient","10","Ambient",NA,28,NA,NA,NA,NA,NA,NA,NA,NA
"638","22",2017-07-20,"K","10 Ambient","10","Ambient",NA,NA,28,NA,NA,NA,NA,NA,NA,NA
"639","23",2017-06-07,"HL","6 Low","6","Low",NA,88167,NA,NA,NA,NA,88167,NA,NA,NA
"640","23",2017-06-08,"HL","6 Low","6","Low",NA,92558,NA,NA,NA,NA,4392,NA,NA,NA
"641","23",2017-06-09,"HL","6 Low","6","Low",64533,64533,92558,NA,64533,NA,NA,0.697216880226453,28025,0.988123949050386
"642","23",2017-06-10,"HL","6 Low","6","Low",NA,64533,NA,NA,NA,NA,NA,NA,NA,NA
"643","23",2017-06-11,"HL","6 Low","6","Low",NA,64533,NA,NA,NA,NA,NA,NA,NA,NA
"644","23",2017-06-12,"HL","6 Low","6","Low",70767,70767,64533,370,70767,NA,NA,1.09660173864534,-6234,NA
"645","23",2017-06-13,"HL","6 Low","6","Low",NA,70767,NA,NA,NA,NA,NA,NA,NA,NA
"646","23",2017-06-14,"HL","6 Low","6","Low",NA,70767,NA,NA,NA,NA,NA,NA,NA,NA
"647","23",2017-06-15,"HL","6 Low","6","Low",28333,28817,70767,NA,28333,NA,483,0.400370229061568,42434,0.68509703735139
"648","23",2017-06-16,"HL","6 Low","6","Low",NA,28817,NA,NA,NA,NA,NA,NA,NA,NA
"649","23",2017-06-17,"HL","6 Low","6","Low",NA,140150,NA,NA,NA,NA,111333,NA,NA,NA
"650","23",2017-06-18,"HL","6 Low","6","Low",NA,140150,NA,NA,NA,NA,NA,NA,NA,NA
"651","23",2017-06-19,"HL","6 Low","6","Low",77333,127333,140150,25500,77333,NA,50000,0.551787370674278,62817,0.837278577402687
"652","23",2017-06-20,"HL","6 Low","6","Low",NA,127333,NA,NA,NA,NA,NA,NA,NA,NA
"653","23",2017-06-21,"HL","6 Low","6","Low",NA,127333,NA,NA,NA,NA,NA,NA,NA,NA
"654","23",2017-06-22,"HL","6 Low","6","Low",88433,89429,127333,193,88433,NA,996,0.694501818067587,38900,0.985173060648793
"655","23",2017-06-23,"HL","6 Low","6","Low",NA,89429,NA,NA,NA,NA,NA,NA,NA,NA
"656","23",2017-06-24,"HL","6 Low","6","Low",NA,89429,NA,NA,NA,NA,NA,NA,NA,NA
"657","23",2017-06-25,"HL","6 Low","6","Low",NA,89429,NA,NA,NA,NA,NA,NA,NA,NA
"658","23",2017-06-26,"HL","6 Low","6","Low",26840,26160,89429,458,26160,680,NA,0.30012635722193,62589,0.579777599102903
"659","23",2017-06-27,"HL","6 Low","6","Low",NA,26160,NA,NA,NA,NA,NA,NA,NA,NA
"660","23",2017-06-28,"HL","6 Low","6","Low",NA,26160,NA,NA,NA,NA,NA,NA,NA,NA
"661","23",2017-06-29,"HL","6 Low","6","Low",44417,44167,26160,300,44167,250,NA,1.69789755351682,-18257,NA
"662","23",2017-06-30,"HL","6 Low","6","Low",NA,44167,NA,NA,NA,NA,NA,NA,NA,NA
"663","23",2017-07-01,"HL","6 Low","6","Low",NA,44167,NA,NA,NA,NA,NA,NA,NA,NA
"664","23",2017-07-02,"HL","6 Low","6","Low",NA,44167,NA,NA,NA,NA,NA,NA,NA,NA
"665","23",2017-07-03,"HL","6 Low","6","Low",20950,14660,44167,733,14660,6290,NA,0.474336042746847,23217,0.759722923913199
"666","23",2017-07-04,"HL","6 Low","6","Low",NA,14660,NA,NA,NA,NA,NA,NA,NA,NA
"667","23",2017-07-05,"HL","6 Low","6","Low",NA,14660,NA,NA,NA,NA,NA,NA,NA,NA
"668","23",2017-07-06,"HL","6 Low","6","Low",20135,18900,14660,NA,18900,1235,NA,1.37346521145975,-5475,NA
"669","23",2017-07-07,"HL","6 Low","6","Low",NA,18900,NA,NA,NA,NA,NA,NA,NA,NA
"670","23",2017-07-08,"HL","6 Low","6","Low",NA,18900,NA,NA,NA,NA,NA,NA,NA,NA
"671","23",2017-07-09,"HL","6 Low","6","Low",NA,18900,NA,NA,NA,NA,NA,NA,NA,NA
"672","23",2017-07-10,"HL","6 Low","6","Low",7483,5750,18900,NA,5750,1733,NA,0.395925925925926,11417,0.680557535207191
"673","23",2017-07-11,"HL","6 Low","6","Low",NA,5750,NA,NA,NA,NA,NA,NA,NA,NA
"674","23",2017-07-12,"HL","6 Low","6","Low",NA,5750,NA,NA,NA,NA,NA,NA,NA,NA
"675","23",2017-07-13,"HL","6 Low","6","Low",4795,4575,5750,NA,4575,220,NA,0.833913043478261,955,1.1510402964068
"676","23",2017-07-14,"HL","6 Low","6","Low",NA,4575,NA,NA,NA,NA,NA,NA,NA,NA
"677","23",2017-07-15,"HL","6 Low","6","Low",NA,4575,NA,NA,NA,NA,NA,NA,NA,NA
"678","23",2017-07-16,"HL","6 Low","6","Low",NA,4575,NA,NA,NA,NA,NA,NA,NA,NA
"679","23",2017-07-17,"HL","6 Low","6","Low",1033,956,4575,105,956,78,NA,0.225792349726776,3542,0.495164187755139
"680","23",2017-07-18,"HL","6 Low","6","Low",NA,956,NA,NA,NA,NA,NA,NA,NA,NA
"681","23",2017-07-19,"HL","6 Low","6","Low",NA,956,NA,NA,NA,NA,NA,NA,NA,NA
"682","23",2017-07-20,"HL","6 Low","6","Low",200,133,956,NA,133,67,NA,0.209205020920502,756,0.4750572447244
"683","23",2017-07-21,"HL","6 Low","6","Low",NA,133,NA,NA,NA,NA,NA,NA,NA,NA
"684","23",2017-07-22,"HL","6 Low","6","Low",NA,133,NA,NA,NA,NA,NA,NA,NA,NA
"685","23",2017-07-23,"HL","6 Low","6","Low",NA,133,NA,NA,NA,NA,NA,NA,NA,NA
"686","23",2017-07-24,"HL","6 Low","6","Low",NA,133,NA,NA,NA,NA,NA,NA,NA,NA
"687","24",2017-06-12,"HL","6 Ambient","6","Ambient",NA,65667,NA,NA,NA,NA,65667,NA,NA,NA
"688","24",2017-06-13,"HL","6 Ambient","6","Ambient",NA,65667,NA,NA,NA,NA,NA,NA,NA,NA
"689","24",2017-06-14,"HL","6 Ambient","6","Ambient",NA,65667,NA,NA,NA,NA,NA,NA,NA,NA
"690","24",2017-06-15,"HL","6 Ambient","6","Ambient",55333,55333,65667,8933,55333,NA,NA,0.842630240455632,10334,1.16287881125252
"691","24",2017-06-16,"HL","6 Ambient","6","Ambient",NA,55333,NA,NA,NA,NA,NA,NA,NA,NA
"692","24",2017-06-17,"HL","6 Ambient","6","Ambient",NA,55333,NA,NA,NA,NA,NA,NA,NA,NA
"693","24",2017-06-18,"HL","6 Ambient","6","Ambient",NA,55333,NA,NA,NA,NA,NA,NA,NA,NA
"694","24",2017-06-19,"HL","6 Ambient","6","Ambient",37067,37067,55333,500,37067,NA,NA,0.669889577648058,18266,0.958739199698926
"695","24",2017-06-20,"HL","6 Ambient","6","Ambient",NA,37067,NA,NA,NA,NA,NA,NA,NA,NA
"696","24",2017-06-21,"HL","6 Ambient","6","Ambient",NA,37067,NA,NA,NA,NA,NA,NA,NA,NA
"697","24",2017-06-22,"HL","6 Ambient","6","Ambient",28033,28033,37067,147,28033,NA,NA,0.756279170151348,9034,1.05447897982867
"698","24",2017-06-23,"HL","6 Ambient","6","Ambient",NA,28033,NA,NA,NA,NA,NA,NA,NA,NA
"699","24",2017-06-24,"HL","6 Ambient","6","Ambient",NA,28033,NA,NA,NA,NA,NA,NA,NA,NA
"700","24",2017-06-25,"HL","6 Ambient","6","Ambient",NA,28033,NA,NA,NA,NA,NA,NA,NA,NA
"701","24",2017-06-26,"HL","6 Ambient","6","Ambient",27800,27800,28033,NA,27800,NA,NA,0.991688367281418,233,1.47950140310017
"702","24",2017-06-27,"HL","6 Ambient","6","Ambient",NA,27800,NA,NA,NA,NA,NA,NA,NA,NA
"703","24",2017-06-28,"HL","6 Ambient","6","Ambient",NA,27800,NA,NA,NA,NA,NA,NA,NA,NA
"704","24",2017-06-29,"HL","6 Ambient","6","Ambient",19117,19117,27800,NA,19117,NA,NA,0.687661870503597,8683,0.977771175898259
"705","24",2017-06-30,"HL","6 Ambient","6","Ambient",NA,19117,NA,NA,NA,NA,NA,NA,NA,NA
"706","24",2017-07-01,"HL","6 Ambient","6","Ambient",NA,19117,NA,NA,NA,NA,NA,NA,NA,NA
"707","24",2017-07-02,"HL","6 Ambient","6","Ambient",NA,19117,NA,NA,NA,NA,NA,NA,NA,NA
"708","24",2017-07-03,"HL","6 Ambient","6","Ambient",5667,5333,19117,NA,5333,333,NA,0.296437725584558,13450,0.575746325223357
"709","24",2017-07-04,"HL","6 Ambient","6","Ambient",NA,5333,NA,NA,NA,NA,NA,NA,NA,NA
"710","24",2017-07-05,"HL","6 Ambient","6","Ambient",NA,5333,NA,NA,NA,NA,NA,NA,NA,NA
"711","24",2017-07-06,"HL","6 Ambient","6","Ambient",3669,3119,5333,NA,3119,550,NA,0.687980498781174,1664,0.978114983001312
"712","24",2017-07-07,"HL","6 Ambient","6","Ambient",NA,3119,NA,NA,NA,NA,NA,NA,NA,NA
"713","24",2017-07-08,"HL","6 Ambient","6","Ambient",NA,3119,NA,NA,NA,NA,NA,NA,NA,NA
"714","24",2017-07-09,"HL","6 Ambient","6","Ambient",NA,3119,NA,NA,NA,NA,NA,NA,NA,NA
"715","24",2017-07-10,"HL","6 Ambient","6","Ambient",2128,978,3119,NA,978,1150,NA,0.682269958319974,991,0.971967499895617
"716","24",2017-07-11,"HL","6 Ambient","6","Ambient",NA,978,NA,NA,NA,NA,NA,NA,NA,NA
"717","24",2017-07-12,"HL","6 Ambient","6","Ambient",NA,978,NA,NA,NA,NA,NA,NA,NA,NA
"718","24",2017-07-13,"HL","6 Ambient","6","Ambient",686,573,978,75,573,113,NA,0.701431492842536,292,0.992719541853875
"719","24",2017-07-14,"HL","6 Ambient","6","Ambient",NA,573,NA,NA,NA,NA,NA,NA,NA,NA
"720","24",2017-07-15,"HL","6 Ambient","6","Ambient",NA,573,NA,NA,NA,NA,NA,NA,NA,NA
"721","24",2017-07-16,"HL","6 Ambient","6","Ambient",NA,573,NA,NA,NA,NA,NA,NA,NA,NA
"722","24",2017-07-17,"HL","6 Ambient","6","Ambient",350,250,573,226,250,100,NA,0.610820244328098,223,0.897146403695929
"723","24",2017-07-18,"HL","6 Ambient","6","Ambient",NA,250,NA,NA,NA,NA,NA,NA,NA,NA
"724","24",2017-07-19,"HL","6 Ambient","6","Ambient",NA,250,NA,NA,NA,NA,NA,NA,NA,NA
"725","24",2017-07-20,"HL","6 Ambient","6","Ambient",NA,NA,250,NA,NA,NA,NA,NA,NA,NA
"726","3",2017-05-25,"NF","10 Ambient","10","Ambient",NA,69750,NA,NA,NA,NA,69750,NA,NA,NA
"727","3",2017-05-26,"NF","10 Ambient","10","Ambient",69867,69867,69750,NA,69867,NA,NA,1.00167741935484,-117,NA
"728","3",2017-05-27,"NF","10 Ambient","10","Ambient",NA,74783,NA,NA,NA,NA,4917,NA,NA,NA
"729","3",2017-05-28,"NF","10 Ambient","10","Ambient",NA,74783,NA,NA,NA,NA,NA,NA,NA,NA
"730","3",2017-05-29,"NF","10 Ambient","10","Ambient",NA,74783,NA,NA,NA,NA,NA,NA,NA,NA
"731","3",2017-05-30,"NF","10 Ambient","10","Ambient",34667,34667,74783,NA,34667,NA,NA,0.4635679231911,40116,0.748933771886159
"732","3",2017-05-31,"NF","10 Ambient","10","Ambient",16000,16000,34667,NA,16000,NA,NA,0.46153402371131,18667,0.746894142052134
"733","3",2017-06-01,"NF","10 Ambient","10","Ambient",NA,16000,NA,NA,NA,NA,NA,NA,NA,NA
"734","3",2017-06-02,"NF","10 Ambient","10","Ambient",NA,16000,NA,NA,NA,NA,NA,NA,NA,NA
"735","3",2017-06-03,"NF","10 Ambient","10","Ambient",NA,74727,NA,NA,NA,NA,58727,NA,NA,NA
"736","3",2017-06-04,"NF","10 Ambient","10","Ambient",NA,77660,NA,NA,NA,NA,2933,NA,NA,NA
"737","3",2017-06-05,"NF","10 Ambient","10","Ambient",58807,58807,77660,NA,58807,NA,NA,0.757236672675766,18853,1.05559484642768
"738","3",2017-06-06,"NF","10 Ambient","10","Ambient",NA,58807,NA,NA,NA,NA,NA,NA,NA,NA
"739","3",2017-06-07,"NF","10 Ambient","10","Ambient",NA,135990,NA,NA,NA,NA,77183,NA,NA,NA
"740","3",2017-06-08,"NF","10 Ambient","10","Ambient",NA,135990,NA,NA,NA,NA,NA,NA,NA,NA
"741","3",2017-06-09,"NF","10 Ambient","10","Ambient",87303,87147,135990,NA,87147,157,NA,0.641981028016766,48687,0.929360038235279
"742","3",2017-06-10,"NF","10 Ambient","10","Ambient",NA,87147,NA,NA,NA,NA,NA,NA,NA,NA
"743","3",2017-06-11,"NF","10 Ambient","10","Ambient",NA,87147,NA,NA,NA,NA,NA,NA,NA,NA
"744","3",2017-06-12,"NF","10 Ambient","10","Ambient",83133,82533,87147,650,82533,600,NA,0.953939894660746,4014,1.35449748941499
"745","3",2017-06-13,"NF","10 Ambient","10","Ambient",NA,82533,NA,NA,NA,NA,NA,NA,NA,NA
"746","3",2017-06-14,"NF","10 Ambient","10","Ambient",NA,140400,NA,NA,NA,NA,57867,NA,NA,NA
"747","3",2017-06-15,"NF","10 Ambient","10","Ambient",91583,138350,140400,2667,91117,467,47233,0.65230056980057,48817,0.940157984074219
"748","3",2017-06-16,"NF","10 Ambient","10","Ambient",NA,138350,NA,NA,NA,NA,NA,NA,NA,NA
"749","3",2017-06-17,"NF","10 Ambient","10","Ambient",NA,139017,NA,NA,NA,NA,667,NA,NA,NA
"750","3",2017-06-18,"NF","10 Ambient","10","Ambient",NA,139017,NA,NA,NA,NA,NA,NA,NA,NA
"751","3",2017-06-19,"NF","10 Ambient","10","Ambient",68880,68000,139017,5120,68000,880,NA,0.495478970197889,70137,0.780877071987378
"752","3",2017-06-20,"NF","10 Ambient","10","Ambient",NA,68000,NA,NA,NA,NA,NA,NA,NA,NA
"753","3",2017-06-21,"NF","10 Ambient","10","Ambient",NA,68000,NA,NA,NA,NA,NA,NA,NA,NA
"754","3",2017-06-22,"NF","10 Ambient","10","Ambient",23858,23100,68000,500,23100,758,NA,0.350852941176471,44142,0.63394571089034
"755","3",2017-06-23,"NF","10 Ambient","10","Ambient",NA,23100,NA,NA,NA,NA,NA,NA,NA,NA
"756","3",2017-06-24,"NF","10 Ambient","10","Ambient",NA,23100,NA,NA,NA,NA,NA,NA,NA,NA
"757","3",2017-06-25,"NF","10 Ambient","10","Ambient",NA,23100,NA,NA,NA,NA,NA,NA,NA,NA
"758","3",2017-06-26,"NF","10 Ambient","10","Ambient",9000,8350,23100,1167,8350,650,NA,0.38961038961039,14100,0.674091496491154
"759","3",2017-06-27,"NF","10 Ambient","10","Ambient",NA,8350,NA,NA,NA,NA,NA,NA,NA,NA
"760","3",2017-06-28,"NF","10 Ambient","10","Ambient",NA,8350,NA,NA,NA,NA,NA,NA,NA,NA
"761","3",2017-06-29,"NF","10 Ambient","10","Ambient",2918,2803,8350,167,2803,115,NA,0.349461077844311,5432,0.632486791938093
"762","3",2017-06-30,"NF","10 Ambient","10","Ambient",NA,2803,NA,NA,NA,NA,NA,NA,NA,NA
"763","3",2017-07-01,"NF","10 Ambient","10","Ambient",NA,2803,NA,NA,NA,NA,NA,NA,NA,NA
"764","3",2017-07-02,"NF","10 Ambient","10","Ambient",NA,2803,NA,NA,NA,NA,NA,NA,NA,NA
"765","3",2017-07-03,"NF","10 Ambient","10","Ambient",1210,1210,2803,NA,1210,NA,NA,0.431680342490189,1593,0.716864108221993
"766","3",2017-07-04,"NF","10 Ambient","10","Ambient",NA,1210,NA,NA,NA,NA,NA,NA,NA,NA
"767","3",2017-07-05,"NF","10 Ambient","10","Ambient",NA,1210,NA,NA,NA,NA,NA,NA,NA,NA
"768","3",2017-07-06,"NF","10 Ambient","10","Ambient",466,425,1210,NA,425,41,NA,0.385123966942149,744,0.669486700105612
"769","3",2017-07-07,"NF","10 Ambient","10","Ambient",NA,425,NA,NA,NA,NA,NA,NA,NA,NA
"770","3",2017-07-08,"NF","10 Ambient","10","Ambient",NA,425,NA,NA,NA,NA,NA,NA,NA,NA
"771","3",2017-07-09,"NF","10 Ambient","10","Ambient",NA,425,NA,NA,NA,NA,NA,NA,NA,NA
"772","3",2017-07-10,"NF","10 Ambient","10","Ambient",156,128,425,NA,128,28,NA,0.367058823529412,269,0.650838610588896
"773","3",2017-07-11,"NF","10 Ambient","10","Ambient",NA,128,NA,NA,NA,NA,NA,NA,NA,NA
"774","3",2017-07-12,"NF","10 Ambient","10","Ambient",NA,128,NA,NA,NA,NA,NA,NA,NA,NA
"775","3",2017-07-13,"NF","10 Ambient","10","Ambient",46,45,128,NA,45,1,NA,0.359375,82,0.642849943271075
"776","3",2017-07-14,"NF","10 Ambient","10","Ambient",NA,45,NA,NA,NA,NA,NA,NA,NA,NA
"777","3",2017-07-15,"NF","10 Ambient","10","Ambient",NA,45,NA,NA,NA,NA,NA,NA,NA,NA
"778","3",2017-07-16,"NF","10 Ambient","10","Ambient",NA,45,NA,NA,NA,NA,NA,NA,NA,NA
"779","3",2017-07-17,"NF","10 Ambient","10","Ambient",114,86,45,29,86,28,NA,2.53333333333333,-69,NA
"780","3",2017-07-18,"NF","10 Ambient","10","Ambient",NA,86,NA,NA,NA,NA,NA,NA,NA,NA
"781","3",2017-07-19,"NF","10 Ambient","10","Ambient",NA,86,NA,NA,NA,NA,NA,NA,NA,NA
"782","3",2017-07-20,"NF","10 Ambient","10","Ambient",37,25,86,NA,25,12,NA,0.430232558139535,49,0.715402319520212
"783","3",2017-07-21,"NF","10 Ambient","10","Ambient",NA,25,NA,NA,NA,NA,NA,NA,NA,NA
"784","3",2017-07-22,"NF","10 Ambient","10","Ambient",NA,25,NA,NA,NA,NA,NA,NA,NA,NA
"785","3",2017-07-23,"NF","10 Ambient","10","Ambient",NA,25,NA,NA,NA,NA,NA,NA,NA,NA
"786","3",2017-07-24,"NF","10 Ambient","10","Ambient",NA,25,NA,NA,NA,NA,NA,NA,NA,NA
"787","4",2017-05-24,"NF","10 Low","10","Low",NA,59600,NA,NA,NA,NA,59600,NA,NA,NA
"788","4",2017-05-25,"NF","10 Low","10","Low",NA,59600,NA,NA,NA,NA,NA,NA,NA,NA
"789","4",2017-05-26,"NF","10 Low","10","Low",NA,NA,59600,NA,NA,NA,NA,NA,NA,NA
"790","5",2017-05-19,"SN","10 Ambient","10","Ambient",NA,80640,NA,NA,NA,NA,80640,NA,NA,NA
"791","5",2017-05-20,"SN","10 Ambient","10","Ambient",NA,205600,NA,NA,NA,NA,124960,NA,NA,NA
"792","5",2017-05-21,"SN","10 Ambient","10","Ambient",NA,205600,NA,NA,NA,NA,NA,NA,NA,NA
"793","5",2017-05-22,"SN","10 Ambient","10","Ambient",NA,205600,NA,NA,NA,NA,NA,NA,NA,NA
"794","5",2017-05-23,"SN","10 Ambient","10","Ambient",145600,145600,205600,NA,145600,NA,NA,0.708171206225681,60000,1.00010754761131
"795","5",2017-05-24,"SN","10 Ambient","10","Ambient",NA,145600,NA,NA,NA,NA,NA,NA,NA,NA
"796","5",2017-05-25,"SN","10 Ambient","10","Ambient",NA,145600,NA,NA,NA,NA,NA,NA,NA,NA
"797","5",2017-05-26,"SN","10 Ambient","10","Ambient",112000,112000,145600,NA,112000,NA,NA,0.769230769230769,33600,1.06970331352954
"798","5",2017-05-27,"SN","10 Ambient","10","Ambient",NA,112000,NA,NA,NA,NA,NA,NA,NA,NA
"799","5",2017-05-28,"SN","10 Ambient","10","Ambient",NA,112000,NA,NA,NA,NA,NA,NA,NA,NA
"800","5",2017-05-29,"SN","10 Ambient","10","Ambient",NA,112000,NA,NA,NA,NA,NA,NA,NA,NA
"801","5",2017-05-30,"SN","10 Ambient","10","Ambient",32667,32667,112000,NA,32667,NA,NA,0.291669642857143,79333,0.570513721663475
"802","5",2017-05-31,"SN","10 Ambient","10","Ambient",1600,1600,32667,NA,1600,NA,NA,0.0489790920500811,31067,0.223159836562742
"803","5",2017-06-01,"SN","10 Ambient","10","Ambient",NA,80700,NA,NA,NA,NA,79100,NA,NA,NA
"804","5",2017-06-02,"SN","10 Ambient","10","Ambient",NA,80700,NA,NA,NA,NA,NA,NA,NA,NA
"805","5",2017-06-03,"SN","10 Ambient","10","Ambient",NA,232793,NA,NA,NA,NA,152093,NA,NA,NA
"806","5",2017-06-04,"SN","10 Ambient","10","Ambient",NA,232793,NA,NA,NA,NA,NA,NA,NA,NA
"807","5",2017-06-05,"SN","10 Ambient","10","Ambient",138920,181213,232793,NA,138920,NA,42293,0.596753338803143,93873,0.882765728159966
"808","5",2017-06-06,"SN","10 Ambient","10","Ambient",NA,181213,NA,NA,NA,NA,NA,NA,NA,NA
"809","5",2017-06-07,"SN","10 Ambient","10","Ambient",NA,181213,NA,NA,NA,NA,NA,NA,NA,NA
"810","5",2017-06-08,"SN","10 Ambient","10","Ambient",NA,181213,NA,NA,NA,NA,NA,NA,NA,NA
"811","5",2017-06-09,"SN","10 Ambient","10","Ambient",146317,146167,181213,1200,146167,150,NA,0.807431034197326,34896,1.11650369106373
"812","5",2017-06-10,"SN","10 Ambient","10","Ambient",NA,146167,NA,NA,NA,NA,NA,NA,NA,NA
"813","5",2017-06-11,"SN","10 Ambient","10","Ambient",NA,146167,NA,NA,NA,NA,NA,NA,NA,NA
"814","5",2017-06-12,"SN","10 Ambient","10","Ambient",108925,107933,146167,3000,107933,992,NA,0.745209246957248,37242,1.04168311078397
"815","5",2017-06-13,"SN","10 Ambient","10","Ambient",NA,107933,NA,NA,NA,NA,NA,NA,NA,NA
"816","5",2017-06-14,"SN","10 Ambient","10","Ambient",NA,146933,NA,NA,NA,NA,39000,NA,NA,NA
"817","5",2017-06-15,"SN","10 Ambient","10","Ambient",124400,142733,146933,5510,94067,30333,48667,0.846644388939176,22533,1.16841949295666
"818","5",2017-06-16,"SN","10 Ambient","10","Ambient",NA,142733,NA,NA,NA,NA,NA,NA,NA,NA
"819","5",2017-06-17,"SN","10 Ambient","10","Ambient",NA,143900,NA,NA,NA,NA,1167,NA,NA,NA
"820","5",2017-06-18,"SN","10 Ambient","10","Ambient",NA,143900,NA,NA,NA,NA,NA,NA,NA,NA
"821","5",2017-06-19,"SN","10 Ambient","10","Ambient",103043,83577,143900,163,83577,19467,NA,0.716073662265462,40857,1.00883444743722
"822","5",2017-06-20,"SN","10 Ambient","10","Ambient",NA,83577,NA,NA,NA,NA,NA,NA,NA,NA
"823","5",2017-06-21,"SN","10 Ambient","10","Ambient",NA,83577,NA,NA,NA,NA,NA,NA,NA,NA
"824","5",2017-06-22,"SN","10 Ambient","10","Ambient",26592,25592,83577,NA,25592,1000,NA,0.318173660217524,56985,0.599305138893602
"825","5",2017-06-23,"SN","10 Ambient","10","Ambient",NA,25592,NA,NA,NA,NA,NA,NA,NA,NA
"826","5",2017-06-24,"SN","10 Ambient","10","Ambient",NA,25592,NA,NA,NA,NA,NA,NA,NA,NA
"827","5",2017-06-25,"SN","10 Ambient","10","Ambient",NA,25592,NA,NA,NA,NA,NA,NA,NA,NA
"828","5",2017-06-26,"SN","10 Ambient","10","Ambient",450,450,25592,NA,450,NA,NA,0.0175836198812129,25142,0.132994957329927
"829","5",2017-06-27,"SN","10 Ambient","10","Ambient",NA,450,NA,NA,NA,NA,NA,NA,NA,NA
"830","5",2017-06-28,"SN","10 Ambient","10","Ambient",NA,450,NA,NA,NA,NA,NA,NA,NA,NA
"831","5",2017-06-29,"SN","10 Ambient","10","Ambient",1597,1597,450,290,1597,NA,NA,3.54888888888889,-1147,NA
"832","5",2017-06-30,"SN","10 Ambient","10","Ambient",NA,1597,NA,NA,NA,NA,NA,NA,NA,NA
"833","5",2017-07-01,"SN","10 Ambient","10","Ambient",NA,1597,NA,NA,NA,NA,NA,NA,NA,NA
"834","5",2017-07-02,"SN","10 Ambient","10","Ambient",NA,1597,NA,NA,NA,NA,NA,NA,NA,NA
"835","5",2017-07-03,"SN","10 Ambient","10","Ambient",272,269,1597,51,269,3,NA,0.170319348778961,1325,0.425413705451689
"836","5",2017-07-04,"SN","10 Ambient","10","Ambient",NA,269,NA,NA,NA,NA,NA,NA,NA,NA
"837","5",2017-07-05,"SN","10 Ambient","10","Ambient",NA,269,NA,NA,NA,NA,NA,NA,NA,NA
"838","5",2017-07-06,"SN","10 Ambient","10","Ambient",36,200028,269,NA,28,8,2e+05,0.133828996282528,233,0.374520658934991
"839","5",2017-07-07,"SN","10 Ambient","10","Ambient",NA,200028,NA,NA,NA,NA,NA,NA,NA,NA
"840","5",2017-07-08,"SN","10 Ambient","10","Ambient",NA,200028,NA,NA,NA,NA,NA,NA,NA,NA
"841","5",2017-07-09,"SN","10 Ambient","10","Ambient",NA,200028,NA,NA,NA,NA,NA,NA,NA,NA
"842","5",2017-07-10,"SN","10 Ambient","10","Ambient",73195,73184,200028,1063,73184,11,NA,0.365923770672106,126833,0.649660792856695
"843","5",2017-07-11,"SN","10 Ambient","10","Ambient",NA,73184,NA,NA,NA,NA,NA,NA,NA,NA
"844","5",2017-07-12,"SN","10 Ambient","10","Ambient",NA,73184,NA,NA,NA,NA,NA,NA,NA,NA
"845","5",2017-07-13,"SN","10 Ambient","10","Ambient",45656,45656,73184,225,45656,NA,NA,0.623852208132925,27528,0.910553218129727
"846","5",2017-07-14,"SN","10 Ambient","10","Ambient",NA,45656,NA,NA,NA,NA,NA,NA,NA,NA
"847","5",2017-07-15,"SN","10 Ambient","10","Ambient",NA,45656,NA,NA,NA,NA,NA,NA,NA,NA
"848","5",2017-07-16,"SN","10 Ambient","10","Ambient",NA,45656,NA,NA,NA,NA,NA,NA,NA,NA
"849","5",2017-07-17,"SN","10 Ambient","10","Ambient",37100,37090,45656,53,37090,10,NA,0.812598563168039,8556,1.12309020453881
"850","5",2017-07-18,"SN","10 Ambient","10","Ambient",NA,37090,NA,NA,NA,NA,NA,NA,NA,NA
"851","5",2017-07-19,"SN","10 Ambient","10","Ambient",NA,37090,NA,NA,NA,NA,NA,NA,NA,NA
"852","5",2017-07-20,"SN","10 Ambient","10","Ambient",15582,7627,37090,NA,7627,7955,NA,0.420113238069561,21508,0.705167550743084
"853","5",2017-07-21,"SN","10 Ambient","10","Ambient",NA,7627,NA,NA,NA,NA,NA,NA,NA,NA
"854","5",2017-07-22,"SN","10 Ambient","10","Ambient",NA,7627,NA,NA,NA,NA,NA,NA,NA,NA
"855","5",2017-07-23,"SN","10 Ambient","10","Ambient",NA,7627,NA,NA,NA,NA,NA,NA,NA,NA
"856","5",2017-07-24,"SN","10 Ambient","10","Ambient",NA,7627,NA,NA,NA,NA,NA,NA,NA,NA
"857","7",2017-05-20,"SN","10 Low","10","Low",NA,187333,NA,NA,NA,NA,187333,NA,NA,NA
"858","7",2017-05-21,"SN","10 Low","10","Low",NA,241167,NA,NA,NA,NA,53833,NA,NA,NA
"859","7",2017-05-22,"SN","10 Low","10","Low",NA,241167,NA,NA,NA,NA,NA,NA,NA,NA
"860","7",2017-05-23,"SN","10 Low","10","Low",189000,222800,241167,NA,189000,NA,33800,0.783689310726592,52167,1.08705764770865
"861","7",2017-05-24,"SN","10 Low","10","Low",NA,222800,NA,NA,NA,NA,NA,NA,NA,NA
"862","7",2017-05-25,"SN","10 Low","10","Low",NA,222800,NA,NA,NA,NA,NA,NA,NA,NA
"863","7",2017-05-26,"SN","10 Low","10","Low",179400,179400,222800,NA,179400,NA,NA,0.805206463195691,43400,1.11368906494922
"864","7",2017-05-27,"SN","10 Low","10","Low",NA,179400,NA,NA,NA,NA,NA,NA,NA,NA
"865","7",2017-05-28,"SN","10 Low","10","Low",NA,179400,NA,NA,NA,NA,NA,NA,NA,NA
"866","7",2017-05-29,"SN","10 Low","10","Low",NA,179400,NA,NA,NA,NA,NA,NA,NA,NA
"867","7",2017-05-30,"SN","10 Low","10","Low",37867,37867,179400,NA,37867,NA,NA,0.211075808249721,141533,0.477353211748894
"868","7",2017-05-31,"SN","10 Low","10","Low",10400,73400,37867,NA,10400,NA,63000,0.274645469670161,27467,0.551618416628302
"869","7",2017-06-01,"SN","10 Low","10","Low",NA,73400,NA,NA,NA,NA,NA,NA,NA,NA
"870","7",2017-06-02,"SN","10 Low","10","Low",NA,73400,NA,NA,NA,NA,NA,NA,NA,NA
"871","7",2017-06-03,"SN","10 Low","10","Low",NA,73400,NA,NA,NA,NA,NA,NA,NA,NA
"872","7",2017-06-04,"SN","10 Low","10","Low",NA,73400,NA,NA,NA,NA,NA,NA,NA,NA
"873","7",2017-06-05,"SN","10 Low","10","Low",39209,39093,73400,NA,39093,116,NA,0.534182561307902,34191,0.819607407882552
"874","7",2017-06-06,"SN","10 Low","10","Low",NA,39093,NA,NA,NA,NA,NA,NA,NA,NA
"875","7",2017-06-07,"SN","10 Low","10","Low",NA,39093,NA,NA,NA,NA,NA,NA,NA,NA
"876","7",2017-06-08,"SN","10 Low","10","Low",NA,39093,NA,NA,NA,NA,NA,NA,NA,NA
"877","7",2017-06-09,"SN","10 Low","10","Low",48327,48000,39093,360,48000,327,NA,1.23620597037833,-9234,NA
"878","7",2017-06-10,"SN","10 Low","10","Low",NA,48000,NA,NA,NA,NA,NA,NA,NA,NA
"879","7",2017-06-11,"SN","10 Low","10","Low",NA,48000,NA,NA,NA,NA,NA,NA,NA,NA
"880","7",2017-06-12,"SN","10 Low","10","Low",39643,35893,48000,333,35893,3750,NA,0.825895833333333,8357,1.14037040399152
"881","7",2017-06-13,"SN","10 Low","10","Low",NA,35893,NA,NA,NA,NA,NA,NA,NA,NA
"882","7",2017-06-14,"SN","10 Low","10","Low",NA,115460,NA,NA,NA,NA,79567,NA,NA,NA
"883","7",2017-06-15,"SN","10 Low","10","Low",108233,154633,115460,5100,106633,1600,48000,0.93740689416248,7227,1.31792381985964
"884","7",2017-06-16,"SN","10 Low","10","Low",NA,154633,NA,NA,NA,NA,NA,NA,NA,NA
"885","7",2017-06-17,"SN","10 Low","10","Low",NA,156500,NA,NA,NA,NA,1867,NA,NA,NA
"886","7",2017-06-18,"SN","10 Low","10","Low",NA,156500,NA,NA,NA,NA,NA,NA,NA,NA
"887","7",2017-06-19,"SN","10 Low","10","Low",53300,53133,156500,500,53133,167,NA,0.340575079872204,103200,0.623140292784654
"888","7",2017-06-20,"SN","10 Low","10","Low",NA,53133,NA,NA,NA,NA,NA,NA,NA,NA
"889","7",2017-06-21,"SN","10 Low","10","Low",NA,53133,NA,NA,NA,NA,NA,NA,NA,NA
"890","7",2017-06-22,"SN","10 Low","10","Low",53133,53800,53133,233,52933,200,867,1,0,1.5707963267949
"891","7",2017-06-23,"SN","10 Low","10","Low",NA,53800,NA,NA,NA,NA,NA,NA,NA,NA
"892","7",2017-06-24,"SN","10 Low","10","Low",NA,131367,NA,NA,NA,NA,77567,NA,NA,NA
"893","7",2017-06-25,"SN","10 Low","10","Low",NA,131367,NA,NA,NA,NA,NA,NA,NA,NA
"894","7",2017-06-26,"SN","10 Low","10","Low",32807,28747,131367,2000,28747,4060,NA,0.24973547390136,98560,0.523293273265709
"895","7",2017-06-27,"SN","10 Low","10","Low",NA,28747,NA,NA,NA,NA,NA,NA,NA,NA
"896","7",2017-06-28,"SN","10 Low","10","Low",NA,28747,NA,NA,NA,NA,NA,NA,NA,NA
"897","7",2017-06-29,"SN","10 Low","10","Low",25413,25300,28747,300,25300,113,NA,0.884022680627544,3334,1.22328981472316
"898","7",2017-06-30,"SN","10 Low","10","Low",NA,25300,NA,NA,NA,NA,NA,NA,NA,NA
"899","7",2017-07-01,"SN","10 Low","10","Low",NA,25300,NA,NA,NA,NA,NA,NA,NA,NA
"900","7",2017-07-02,"SN","10 Low","10","Low",NA,25300,NA,NA,NA,NA,NA,NA,NA,NA
"901","7",2017-07-03,"SN","10 Low","10","Low",3151,3100,25300,747,3100,51,NA,0.124545454545455,22149,0.360679379233833
"902","7",2017-07-04,"SN","10 Low","10","Low",NA,3100,NA,NA,NA,NA,NA,NA,NA,NA
"903","7",2017-07-05,"SN","10 Low","10","Low",NA,3100,NA,NA,NA,NA,NA,NA,NA,NA
"904","7",2017-07-06,"SN","10 Low","10","Low",985,926,3100,NA,926,59,NA,0.317741935483871,2115,0.598841599558944
"905","7",2017-07-07,"SN","10 Low","10","Low",NA,926,NA,NA,NA,NA,NA,NA,NA,NA
"906","7",2017-07-08,"SN","10 Low","10","Low",NA,926,NA,NA,NA,NA,NA,NA,NA,NA
"907","7",2017-07-09,"SN","10 Low","10","Low",NA,926,NA,NA,NA,NA,NA,NA,NA,NA
"908","7",2017-07-10,"SN","10 Low","10","Low",324,263,926,NA,263,61,NA,0.349892008639309,602,0.632938626652287
"909","7",2017-07-11,"SN","10 Low","10","Low",NA,263,NA,NA,NA,NA,NA,NA,NA,NA
"910","7",2017-07-12,"SN","10 Low","10","Low",NA,263,NA,NA,NA,NA,NA,NA,NA,NA
"911","7",2017-07-13,"SN","10 Low","10","Low",9,NA,263,NA,NA,9,NA,0.0342205323193916,254,0.186059575041559
"912","7",2017-07-17,"SN","10 Low","10","Low",38,37,NA,NA,37,1,NA,NA,NA,NA
"913","7",2017-07-18,"SN","10 Low","10","Low",NA,37,NA,NA,NA,NA,NA,NA,NA,NA
"914","7",2017-07-19,"SN","10 Low","10","Low",NA,37,NA,NA,NA,NA,NA,NA,NA,NA
"915","7",2017-07-20,"SN","10 Low","10","Low",NA,NA,37,NA,NA,NA,NA,NA,NA,NA
"916","8",2017-05-19,"NF","6 Ambient","6","Ambient",NA,350,NA,NA,NA,NA,350,NA,NA,NA
"917","8",2017-05-20,"NF","6 Ambient","6","Ambient",NA,350,NA,NA,NA,NA,NA,NA,NA,NA
"918","8",2017-05-21,"NF","6 Ambient","6","Ambient",NA,350,NA,NA,NA,NA,NA,NA,NA,NA
"919","8",2017-05-22,"NF","6 Ambient","6","Ambient",NA,817,NA,NA,NA,NA,467,NA,NA,NA
"920","8",2017-05-23,"NF","6 Ambient","6","Ambient",NA,NA,817,NA,NA,NA,NA,NA,NA,NA
"921","8",2017-05-25,"NF","6 Ambient","6","Ambient",NA,10800,NA,NA,NA,NA,10800,NA,NA,NA
"922","8",2017-05-26,"NF","6 Ambient","6","Ambient",12000,66367,10800,NA,12000,NA,54367,1.11111111111111,-1200,NA
"923","8",2017-05-27,"NF","6 Ambient","6","Ambient",NA,76992,NA,NA,NA,NA,10625,NA,NA,NA
"924","8",2017-05-28,"NF","6 Ambient","6","Ambient",NA,76992,NA,NA,NA,NA,NA,NA,NA,NA
"925","8",2017-05-29,"NF","6 Ambient","6","Ambient",NA,130692,NA,NA,NA,NA,53700,NA,NA,NA
"926","8",2017-05-30,"NF","6 Ambient","6","Ambient",36800,36800,130692,NA,36800,NA,NA,0.28157806139626,93892,0.559354630814765
"927","8",2017-05-31,"NF","6 Ambient","6","Ambient",67200,68533,36800,NA,67200,NA,1333,1.82608695652174,-30400,NA
"928","8",2017-06-01,"NF","6 Ambient","6","Ambient",NA,68533,NA,NA,NA,NA,NA,NA,NA,NA
"929","8",2017-06-02,"NF","6 Ambient","6","Ambient",NA,68533,NA,NA,NA,NA,NA,NA,NA,NA
"930","8",2017-06-03,"NF","6 Ambient","6","Ambient",NA,68533,NA,NA,NA,NA,NA,NA,NA,NA
"931","8",2017-06-04,"NF","6 Ambient","6","Ambient",NA,68533,NA,NA,NA,NA,NA,NA,NA,NA
"932","8",2017-06-05,"NF","6 Ambient","6","Ambient",53308,53218,68533,NA,53218,90,NA,0.777844250215225,15225,1.07999359755449
"933","8",2017-06-06,"NF","6 Ambient","6","Ambient",NA,91018,NA,NA,NA,NA,37800,NA,NA,NA
"934","8",2017-06-07,"NF","6 Ambient","6","Ambient",NA,91018,NA,NA,NA,NA,NA,NA,NA,NA
"935","8",2017-06-08,"NF","6 Ambient","6","Ambient",NA,91018,NA,NA,NA,NA,NA,NA,NA,NA
"936","8",2017-06-09,"NF","6 Ambient","6","Ambient",50127,49513,91018,NA,49513,613,NA,0.550737216814256,40891,0.836222860208487
"937","8",2017-06-10,"NF","6 Ambient","6","Ambient",NA,49513,NA,NA,NA,NA,NA,NA,NA,NA
"938","8",2017-06-11,"NF","6 Ambient","6","Ambient",NA,49513,NA,NA,NA,NA,NA,NA,NA,NA
"939","8",2017-06-12,"NF","6 Ambient","6","Ambient",45723,43713,49513,380,43713,2010,NA,0.92345444630703,3790,1.29047060424617
"940","8",2017-06-13,"NF","6 Ambient","6","Ambient",NA,43713,NA,NA,NA,NA,NA,NA,NA,NA
"941","8",2017-06-14,"NF","6 Ambient","6","Ambient",NA,43713,NA,NA,NA,NA,NA,NA,NA,NA
"942","8",2017-06-15,"NF","6 Ambient","6","Ambient",25117,23917,43713,NA,23917,1200,NA,0.574588795095281,18596,0.860266415460986
"943","8",2017-06-16,"NF","6 Ambient","6","Ambient",NA,23917,NA,NA,NA,NA,NA,NA,NA,NA
"944","8",2017-06-17,"NF","6 Ambient","6","Ambient",NA,23917,NA,NA,NA,NA,NA,NA,NA,NA
"945","8",2017-06-18,"NF","6 Ambient","6","Ambient",NA,23917,NA,NA,NA,NA,NA,NA,NA,NA
"946","8",2017-06-19,"NF","6 Ambient","6","Ambient",20180,18013,23917,180,18013,2167,NA,0.843751306601999,3737,1.16442034538395
"947","8",2017-06-20,"NF","6 Ambient","6","Ambient",NA,18013,NA,NA,NA,NA,NA,NA,NA,NA
"948","8",2017-06-21,"NF","6 Ambient","6","Ambient",NA,18013,NA,NA,NA,NA,NA,NA,NA,NA
"949","8",2017-06-22,"NF","6 Ambient","6","Ambient",9720,6333,18013,NA,6300,3420,33,0.539610281463388,8293,0.825049993987587
"950","8",2017-06-23,"NF","6 Ambient","6","Ambient",NA,6333,NA,NA,NA,NA,NA,NA,NA,NA
"951","8",2017-06-24,"NF","6 Ambient","6","Ambient",NA,6333,NA,NA,NA,NA,NA,NA,NA,NA
"952","8",2017-06-25,"NF","6 Ambient","6","Ambient",NA,6333,NA,NA,NA,NA,NA,NA,NA,NA
"953","8",2017-06-26,"NF","6 Ambient","6","Ambient",4570,3403,6333,NA,3403,1167,NA,0.721616927206695,1763,1.01499968694297
"954","8",2017-06-27,"NF","6 Ambient","6","Ambient",NA,3403,NA,NA,NA,NA,NA,NA,NA,NA
"955","8",2017-06-28,"NF","6 Ambient","6","Ambient",NA,3403,NA,NA,NA,NA,NA,NA,NA,NA
"956","8",2017-06-29,"NF","6 Ambient","6","Ambient",2140,1790,3403,110,1790,350,NA,0.628856890978548,1263,0.915725818549017
"957","8",2017-06-30,"NF","6 Ambient","6","Ambient",NA,1790,NA,NA,NA,NA,NA,NA,NA,NA
"958","8",2017-07-01,"NF","6 Ambient","6","Ambient",NA,1790,NA,NA,NA,NA,NA,NA,NA,NA
"959","8",2017-07-02,"NF","6 Ambient","6","Ambient",NA,1790,NA,NA,NA,NA,NA,NA,NA,NA
"960","8",2017-07-03,"NF","6 Ambient","6","Ambient",918,860,1790,NA,860,58,NA,0.512849162011173,872,0.798248740101776
"961","8",2017-07-04,"NF","6 Ambient","6","Ambient",NA,860,NA,NA,NA,NA,NA,NA,NA,NA
"962","8",2017-07-05,"NF","6 Ambient","6","Ambient",NA,860,NA,NA,NA,NA,NA,NA,NA,NA
"963","8",2017-07-06,"NF","6 Ambient","6","Ambient",200,175,860,NA,175,25,NA,0.232558139534884,660,0.503213103063515
"964","8",2017-07-07,"NF","6 Ambient","6","Ambient",NA,175,NA,NA,NA,NA,NA,NA,NA,NA
"965","8",2017-07-08,"NF","6 Ambient","6","Ambient",NA,175,NA,NA,NA,NA,NA,NA,NA,NA
"966","8",2017-07-09,"NF","6 Ambient","6","Ambient",NA,175,NA,NA,NA,NA,NA,NA,NA,NA
"967","8",2017-07-10,"NF","6 Ambient","6","Ambient",20,13,175,NA,13,7,NA,0.114285714285714,155,0.344856576985306
"968","8",2017-07-11,"NF","6 Ambient","6","Ambient",NA,13,NA,NA,NA,NA,NA,NA,NA,NA
"969","8",2017-07-12,"NF","6 Ambient","6","Ambient",NA,13,NA,NA,NA,NA,NA,NA,NA,NA
"970","8",2017-07-13,"NF","6 Ambient","6","Ambient",NA,NA,13,NA,NA,NA,NA,NA,NA,NA
"971","9",2017-05-26,"SN","10 Low","10","Low",62667,120533,NA,NA,62667,NA,57867,NA,NA,NA
"972","9",2017-05-27,"SN","10 Low","10","Low",NA,172783,NA,NA,NA,NA,52250,NA,NA,NA
"973","9",2017-05-28,"SN","10 Low","10","Low",NA,172783,NA,NA,NA,NA,NA,NA,NA,NA
"974","9",2017-05-29,"SN","10 Low","10","Low",NA,177283,NA,NA,NA,NA,4500,NA,NA,NA
"975","9",2017-05-30,"SN","10 Low","10","Low",77333,77333,177283,NA,77333,NA,NA,0.436212157962128,99950,0.72143601124632
"976","9",2017-05-31,"SN","10 Low","10","Low",48800,48800,77333,NA,48800,NA,NA,0.631037202746564,28533,0.917983720573898
"977","9",2017-06-01,"SN","10 Low","10","Low",NA,48800,NA,NA,NA,NA,NA,NA,NA,NA
"978","9",2017-06-02,"SN","10 Low","10","Low",NA,48800,NA,NA,NA,NA,NA,NA,NA,NA
"979","9",2017-06-03,"SN","10 Low","10","Low",NA,48800,NA,NA,NA,NA,NA,NA,NA,NA
"980","9",2017-06-04,"SN","10 Low","10","Low",NA,48800,NA,NA,NA,NA,NA,NA,NA,NA
"981","9",2017-06-05,"SN","10 Low","10","Low",7096,6940,48800,NA,6940,156,NA,0.145409836065574,41704,0.391230704537948
"982","9",2017-06-06,"SN","10 Low","10","Low",NA,6940,NA,NA,NA,NA,NA,NA,NA,NA
"983","9",2017-06-07,"SN","10 Low","10","Low",NA,6940,NA,NA,NA,NA,NA,NA,NA,NA
"984","9",2017-06-08,"SN","10 Low","10","Low",NA,6940,NA,NA,NA,NA,NA,NA,NA,NA
"985","9",2017-06-09,"SN","10 Low","10","Low",NA,NA,6940,NA,NA,NA,NA,NA,NA,NA
